MANDANT,OBJECTCLAS,OBJECTID,CHANGENR,UDATE,UTIME,TCODE
010,EINKBELEG,0071156969,0054785915,2018-08-22T00:00:00,1970-01-01T11:15:10,ME22N
010,EINKBELEG,0071156969,0054814484,2018-08-24T00:00:00,1970-01-01T13:03:22,ME23N
010,EINKBELEG,0071156969,0054814729,2018-08-24T00:00:00,1970-01-01T13:23:29,ME23N
010,EINKBELEG,0071154509,0052713494,2018-03-28T00:00:00,1970-01-01T13:09:02,ME29N
010,EINKBELEG,0071154509,0052713550,2018-03-28T00:00:00,1970-01-01T13:15:20,ME29N
010,EINKBELEG,0071154509,0052713831,2018-03-28T00:00:00,1970-01-01T13:27:21,ME29N
010,EINKBELEG,0071154509,0052725935,2018-03-29T00:00:00,1970-01-01T09:43:07,ME23N
010,EINKBELEG,0071154509,0052728017,2018-03-29T00:00:00,1970-01-01T11:56:44,ME23N
010,EINKBELEG,0071154509,0066110059,2020-07-28T00:00:00,1970-01-01T14:52:36,ME22N
010,EINKBELEG,0071156626,0056232145,2018-12-11T00:00:00,1970-01-01T16:55:44,ME22N
010,EINKBELEG,0071156626,0056261271,2018-12-13T00:00:00,1970-01-01T14:08:25,ME23N
010,EINKBELEG,0071156626,0056409717,2019-01-03T00:00:00,1970-01-01T13:19:23,ME23N
010,EINKBELEG,0071156626,0056411020,2019-01-03T00:00:00,1970-01-01T14:20:03,ME23N
010,EINKBELEG,0071156626,0066426375,2020-08-19T00:00:00,1970-01-01T10:19:14,SA38
010,EINKBELEG,0071157109,0056493509,2019-01-10T00:00:00,1970-01-01T08:40:51,ME21N
010,EINKBELEG,0071157109,0056493674,2019-01-10T00:00:00,1970-01-01T08:41:57,ME21N
010,EINKBELEG,0071157109,0056507908,2019-01-10T00:00:00,1970-01-01T15:21:10,ME23N
010,EINKBELEG,0071157109,0056516252,2019-01-11T00:00:00,1970-01-01T07:37:00,ME23N
010,EINKBELEG,0071157109,0056522165,2019-01-11T00:00:00,1970-01-01T11:12:33,ME23N
010,EINKBELEG,0071157217,0056615720,2019-01-18T00:00:00,1970-01-01T15:08:37,ME23N
010,EINKBELEG,0071157217,0056773051,2019-01-31T00:00:00,1970-01-01T14:45:50,ME23N
010,EINKBELEG,0071157217,0056773364,2019-01-31T00:00:00,1970-01-01T15:05:48,ME23N
010,EINKBELEG,0071157217,0057455876,2019-03-13T00:00:00,1970-01-01T09:46:02,ME23N
010,EINKBELEG,0071157217,0057704641,2019-03-29T00:00:00,1970-01-01T12:33:31,ME23N
010,EINKBELEG,0071157217,0061028389,2019-09-27T00:00:00,1970-01-01T13:54:49,ME23N
010,EINKBELEG,0071157217,0061492031,2019-11-05T00:00:00,1970-01-01T19:29:34,ME23N
010,EINKBELEG,0071157946,0057575009,2019-03-20T00:00:00,1970-01-01T10:17:33,ME23N
010,EINKBELEG,0071157946,0057575055,2019-03-20T00:00:00,1970-01-01T10:20:02,ME23N
010,EINKBELEG,0071157946,0057575519,2019-03-20T00:00:00,1970-01-01T10:42:12,ME23N
010,EINKBELEG,0071162690,0067608436,2020-11-05T00:00:00,1970-01-01T08:24:55,ME23N
010,EINKBELEG,0071162690,0068464356,2021-01-11T00:00:00,1970-01-01T13:51:10,ME23N
010,EINKBELEG,0071162690,0068701288,2021-01-28T00:00:00,1970-01-01T09:03:11,ME23N
010,EINKBELEG,0071162690,0068722615,2021-01-29T00:00:00,1970-01-01T11:02:25,ME23N
010,EINKBELEG,0071162690,0068724608,2021-01-29T00:00:00,1970-01-01T13:10:18,ME23N
010,EINKBELEG,0071162419,0067546557,2020-11-02T00:00:00,1970-01-01T15:38:13,ME22N
010,EINKBELEG,0071162419,0067576987,2020-11-03T00:00:00,1970-01-01T12:08:26,ME23N
010,EINKBELEG,0071162419,0067577113,2020-11-03T00:00:00,1970-01-01T12:12:39,ME22N
010,EINKBELEG,0071166059,0068743950,2021-02-01T00:00:00,1970-01-01T12:52:24,ME22N
010,EINKBELEG,0071166059,0068778348,2021-02-03T00:00:00,1970-01-01T11:22:37,ME22N
010,EINKBELEG,0071166059,0068799005,2021-02-04T00:00:00,1970-01-01T14:59:04,ME22N
010,EINKBELEG,0071166059,0069150903,2021-03-04T00:00:00,1970-01-01T08:07:06,ME23N
010,EINKBELEG,0071166059,0069183790,2021-03-05T00:00:00,1970-01-01T16:44:12,ME22N
010,EINKBELEG,0071166961,0070403896,2021-06-02T00:00:00,1970-01-01T15:53:32,ME23N
010,EINKBELEG,0071166961,0070403922,2021-06-02T00:00:00,1970-01-01T15:52:14,ME23N
010,EINKBELEG,0071166961,0070403925,2021-06-02T00:00:00,1970-01-01T15:54:32,ME23N
010,EINKBELEG,0071166969,0070648117,2021-06-22T00:00:00,1970-01-01T15:16:17,ME22N
010,EINKBELEG,0071166969,0070648265,2021-06-22T00:00:00,1970-01-01T15:20:44,ME22N
010,EINKBELEG,0071166969,0070661307,2021-06-23T00:00:00,1970-01-01T14:05:03,ME23N
010,EINKBELEG,0072097564,0055477948,2018-10-16T00:00:00,1970-01-01T07:55:50,ME23N
010,EINKBELEG,0072097564,0055482603,2018-10-16T00:00:00,1970-01-01T09:58:21,ME23N
010,EINKBELEG,0072097564,0055489758,2018-10-16T00:00:00,1970-01-01T15:16:56,ME23N
010,EINKBELEG,0072097564,0055707946,2018-10-31T00:00:00,1970-01-01T08:49:01,ME23N
010,EINKBELEG,0072097564,0055841419,2018-11-09T00:00:00,1970-01-01T09:19:12,ME23N
010,EINKBELEG,0072097564,0056127757,2018-12-04T00:00:00,1970-01-01T08:33:36,ME23N
010,EINKBELEG,0072097564,0056532490,2019-01-12T00:00:00,1970-01-01T13:08:29,ME23N
010,EINKBELEG,0072097579,0051978456,2018-01-17T00:00:00,1970-01-01T07:18:36,ME53N
010,EINKBELEG,0072097579,0051978465,2018-01-17T00:00:00,1970-01-01T07:20:03,ME53N
010,EINKBELEG,0072097579,0051978607,2018-01-17T00:00:00,1970-01-01T07:28:29,ME53N
010,EINKBELEG,0072097579,0051978629,2018-01-17T00:00:00,1970-01-01T07:24:05,ME53N
010,EINKBELEG,0072097579,0051978684,2018-01-17T00:00:00,1970-01-01T07:35:13,ME53N
010,EINKBELEG,0072097579,0052035481,2018-01-23T00:00:00,1970-01-01T14:42:20,ME23N
010,EINKBELEG,0072097579,0052035525,2018-01-23T00:00:00,1970-01-01T14:44:32,ME23N
010,EINKBELEG,0072097579,0052035553,2018-01-23T00:00:00,1970-01-01T14:47:20,ME23N
010,EINKBELEG,0072097579,0052035560,2018-01-23T00:00:00,1970-01-01T14:46:29,ME23N
010,EINKBELEG,0072097579,0052035599,2018-01-23T00:00:00,1970-01-01T14:49:09,ME23N
010,EINKBELEG,0072097579,0052035618,2018-01-23T00:00:00,1970-01-01T14:49:42,ME23N
010,EINKBELEG,0072097579,0052035663,2018-01-23T00:00:00,1970-01-01T14:56:08,ME23N
010,EINKBELEG,0072097579,0052035665,2018-01-23T00:00:00,1970-01-01T14:55:17,ME23N
010,EINKBELEG,0072097579,0052035675,2018-01-23T00:00:00,1970-01-01T14:54:02,ME23N
010,EINKBELEG,0072097579,0052071001,2018-01-26T00:00:00,1970-01-01T14:02:33,ME23N
010,EINKBELEG,0072097579,0052071003,2018-01-26T00:00:00,1970-01-01T14:04:31,ME23N
010,EINKBELEG,0072097579,0052071009,2018-01-26T00:00:00,1970-01-01T14:02:58,ME23N
010,EINKBELEG,0072097579,0052071019,2018-01-26T00:00:00,1970-01-01T14:03:40,ME23N
010,EINKBELEG,0072097579,0052071033,2018-01-26T00:00:00,1970-01-01T14:03:15,ME23N
010,EINKBELEG,0072097579,0052071107,2018-01-26T00:00:00,1970-01-01T14:21:17,ME23N
010,EINKBELEG,0072097579,0052084474,2018-01-29T00:00:00,1970-01-01T14:30:18,ME23N
010,EINKBELEG,0072097579,0061137836,2019-10-08T00:00:00,1970-01-01T09:24:44,ME23N
010,EINKBELEG,0072097579,0061594076,2019-11-13T00:00:00,1970-01-01T10:58:03,ME23N
010,EINKBELEG,0072097579,0061594700,2019-11-13T00:00:00,1970-01-01T11:32:14,ME23N
010,EINKBELEG,0072097579,0061606681,2019-11-14T00:00:00,1970-01-01T08:57:03,ME23N
010,EINKBELEG,0072097579,0062682427,2019-12-17T00:00:00,1970-01-01T14:05:33,ME23N
010,EINKBELEG,0072097579,0066767305,2020-09-11T00:00:00,1970-01-01T14:27:16,ME22N
010,EINKBELEG,0072099665,0052743081,2018-04-03T00:00:00,1970-01-01T14:51:05,ME23N
010,EINKBELEG,0072099665,0052743117,2018-04-03T00:00:00,1970-01-01T14:50:00,ME23N
010,EINKBELEG,0072099665,0052850746,2018-04-11T00:00:00,1970-01-01T16:13:07,ME23N
010,EINKBELEG,0072099665,0054399851,2018-07-18T00:00:00,1970-01-01T09:03:55,ME23N
010,EINKBELEG,0072099665,0056327054,2018-12-19T00:00:00,1970-01-01T12:23:33,ME22N
010,EINKBELEG,0072099665,0057422602,2019-03-11T00:00:00,1970-01-01T12:55:32,ME23N
010,EINKBELEG,0072099694,0053880420,2018-06-11T00:00:00,1970-01-01T13:57:26,ME23N
010,EINKBELEG,0072099694,0053880431,2018-06-11T00:00:00,1970-01-01T13:56:33,ME23N
010,EINKBELEG,0072099694,0053890286,2018-06-12T00:00:00,1970-01-01T07:37:02,ME23N
010,EINKBELEG,0072099694,0053917184,2018-06-13T00:00:00,1970-01-01T13:35:20,ME22N
010,EINKBELEG,0072099694,0055282761,2018-10-01T00:00:00,1970-01-01T10:43:49,ME23N
010,EINKBELEG,0072091949,0056357437,2018-12-21T00:00:00,1970-01-01T10:49:57,ME23N
010,EINKBELEG,0072091949,0056525307,2019-01-11T00:00:00,1970-01-01T14:00:28,ME23N
010,EINKBELEG,0072091949,0059401140,2019-06-04T00:00:00,1970-01-01T07:21:28,ME23N
010,EINKBELEG,0072091949,0059706451,2019-06-24T00:00:00,1970-01-01T13:40:51,ME23N
010,EINKBELEG,0072096066,0057002286,2019-02-15T00:00:00,1970-01-01T07:01:30,ME23N
010,EINKBELEG,0072096066,0057002297,2019-02-15T00:00:00,1970-01-01T07:02:29,ME23N
010,EINKBELEG,0072096066,0057002979,2019-02-15T00:00:00,1970-01-01T08:04:01,ME22N
010,EINKBELEG,0072096066,0057003054,2019-02-15T00:00:00,1970-01-01T08:04:50,ME22N
010,EINKBELEG,0072096066,0061574742,2019-11-12T00:00:00,1970-01-01T07:27:00,ME23N
010,EINKBELEG,0072096099,0057119187,2019-02-22T00:00:00,1970-01-01T11:16:57,ME23N
010,EINKBELEG,0072096099,0060379272,2019-08-07T00:00:00,1970-01-01T11:15:38,ME23N
010,EINKBELEG,0072096099,0060449968,2019-08-12T00:00:00,1970-01-01T08:56:21,ME22N
010,EINKBELEG,0072096577,0059721504,2019-06-25T00:00:00,1970-01-01T08:29:12,ME23N
010,EINKBELEG,0072096577,0060781197,2019-09-10T00:00:00,1970-01-01T11:43:01,ME23N
010,EINKBELEG,0072096577,0060781210,2019-09-10T00:00:00,1970-01-01T11:43:52,ME23N
010,EINKBELEG,0072096577,0060781304,2019-09-10T00:00:00,1970-01-01T11:44:53,ME23N
010,EINKBELEG,0072096625,0057211989,2019-02-27T00:00:00,1970-01-01T08:46:32,ME23N
010,EINKBELEG,0072096625,0058203702,2019-04-23T00:00:00,1970-01-01T13:26:05,ME23N
010,EINKBELEG,0072096625,0058204563,2019-04-23T00:00:00,1970-01-01T13:34:27,ME23N
010,EINKBELEG,0072096625,0058204702,2019-04-23T00:00:00,1970-01-01T13:39:34,ME23N
010,EINKBELEG,0072095255,0059704124,2019-06-24T00:00:00,1970-01-01T11:53:10,ME22N
010,EINKBELEG,0072095255,0059755813,2019-06-27T00:00:00,1970-01-01T10:48:17,ME22N
010,EINKBELEG,0072095255,0060584756,2019-08-23T00:00:00,1970-01-01T09:34:42,ME22N
010,EINKBELEG,0072095926,0059918357,2019-07-09T00:00:00,1970-01-01T11:30:28,ME23N
010,EINKBELEG,0072095926,0059918377,2019-07-09T00:00:00,1970-01-01T11:30:53,ME23N
010,EINKBELEG,0072095926,0059918382,2019-07-09T00:00:00,1970-01-01T11:32:15,ME23N
010,EINKBELEG,0072095926,0059918417,2019-07-09T00:00:00,1970-01-01T11:33:12,ME23N
010,EINKBELEG,0072095926,0059918424,2019-07-09T00:00:00,1970-01-01T11:34:11,ME23N
010,EINKBELEG,0072095926,0059918456,2019-07-09T00:00:00,1970-01-01T11:35:39,ME23N
010,EINKBELEG,0072095926,0059918464,2019-07-09T00:00:00,1970-01-01T11:36:22,ME23N
010,EINKBELEG,0072095926,0059918480,2019-07-09T00:00:00,1970-01-01T11:38:45,ME23N
010,EINKBELEG,0072095926,0059918534,2019-07-09T00:00:00,1970-01-01T11:40:10,ME23N
010,EINKBELEG,0072095926,0059918646,2019-07-09T00:00:00,1970-01-01T11:42:42,ME23N
010,EINKBELEG,0072095926,0059919711,2019-07-09T00:00:00,1970-01-01T12:42:51,ME23N
010,EINKBELEG,0072096295,0060389340,2019-08-07T00:00:00,1970-01-01T13:47:03,ME22N
010,EINKBELEG,0072096295,0060469111,2019-08-13T00:00:00,1970-01-01T12:55:51,ME22N
010,EINKBELEG,0072096295,0061388158,2019-10-25T00:00:00,1970-01-01T12:50:55,ME22N
010,EINKBELEG,0072096295,0061389296,2019-10-25T00:00:00,1970-01-01T15:10:00,ME22N
010,EINKBELEG,0072096295,0061595273,2019-11-13T00:00:00,1970-01-01T11:58:16,ME23N
010,EINKBELEG,0072096641,0060389100,2019-08-07T00:00:00,1970-01-01T13:47:47,ME23N
010,EINKBELEG,0072096641,0060464769,2019-08-13T00:00:00,1970-01-01T09:45:00,ME23N
010,EINKBELEG,0072096641,0060487391,2019-08-14T00:00:00,1970-01-01T13:32:42,ME23N
010,EINKBELEG,0072096641,0060487400,2019-08-14T00:00:00,1970-01-01T13:35:04,ME23N
010,EINKBELEG,0072096919,0060712353,2019-09-04T00:00:00,1970-01-01T11:31:34,ME22N
010,EINKBELEG,0072096919,0060957435,2019-09-23T00:00:00,1970-01-01T08:25:10,ME23N
010,EINKBELEG,0072096919,0060957668,2019-09-23T00:00:00,1970-01-01T08:39:48,ME23N
010,EINKBELEG,0072099924,0063245353,2020-01-31T00:00:00,1970-01-01T10:47:47,ME23N
010,EINKBELEG,0072099924,0063245567,2020-01-31T00:00:00,1970-01-01T10:51:10,ME22N
010,EINKBELEG,0072099924,0063245649,2020-01-31T00:00:00,1970-01-01T10:51:52,ME22N
010,EINKBELEG,0072099924,0065109156,2020-05-13T00:00:00,1970-01-01T11:56:50,ME23N
010,EINKBELEG,0072099990,0063093633,2020-01-23T00:00:00,1970-01-01T14:47:17,ME23N
010,EINKBELEG,0072099990,0063150446,2020-01-29T00:00:00,1970-01-01T08:43:03,ME23N
010,EINKBELEG,0072099990,0063759720,2020-02-24T00:00:00,1970-01-01T12:43:52,ME23N
010,EINKBELEG,0072099990,0065799400,2020-07-01T00:00:00,1970-01-01T12:27:41,ME23N
010,EINKBELEG,0072099424,0063624735,2020-02-18T00:00:00,1970-01-01T15:05:25,ME23N
010,EINKBELEG,0072099424,0063625171,2020-02-18T00:00:00,1970-01-01T15:22:33,ME29N
010,EINKBELEG,0072099424,0063744531,2020-02-23T00:00:00,1970-01-01T18:36:45,ME23N
010,EINKBELEG,0072099424,0064157655,2020-03-18T00:00:00,1970-01-01T15:38:31,ME23N
010,EINKBELEG,0072099424,0064217418,2020-03-24T00:00:00,1970-01-01T15:15:32,ME23N
010,EINKBELEG,0072099424,0064257781,2020-03-25T00:00:00,1970-01-01T06:46:49,ME23N
010,EINKBELEG,0072099424,0064262643,2020-03-25T00:00:00,1970-01-01T11:21:45,ME23N
010,EINKBELEG,0072101079,0065196299,2020-05-20T00:00:00,1970-01-01T08:34:20,ME23N
010,EINKBELEG,0072101079,0065196418,2020-05-20T00:00:00,1970-01-01T08:42:18,ME23N
010,EINKBELEG,0072101079,0065196567,2020-05-20T00:00:00,1970-01-01T08:54:21,ME23N
010,EINKBELEG,0072101079,0065196690,2020-05-20T00:00:00,1970-01-01T08:58:11,ME23N
010,EINKBELEG,0072101079,0065345134,2020-05-29T00:00:00,1970-01-01T11:07:46,ME29N
010,EINKBELEG,0072101079,0071326312,2021-08-24T00:00:00,1970-01-01T12:03:08,ME23N
010,EINKBELEG,0072106647,0067221456,2020-10-07T00:00:00,1970-01-01T14:51:51,ME21N
010,EINKBELEG,0072106969,0067582982,2020-11-03T00:00:00,1970-01-01T15:33:36,ME23N
010,EINKBELEG,0072106969,0067583646,2020-11-03T00:00:00,1970-01-01T15:54:43,ME23N
010,EINKBELEG,0072106969,0067600427,2020-11-04T00:00:00,1970-01-01T13:25:17,ME23N
010,EINKBELEG,0072106969,0067614085,2020-11-05T00:00:00,1970-01-01T12:45:09,ME21N
010,EINKBELEG,0072106076,0069261970,2021-03-11T00:00:00,1970-01-01T13:34:03,ME22N
010,EINKBELEG,0072106076,0069372157,2021-03-19T00:00:00,1970-01-01T12:27:27,ME23N
010,EINKBELEG,0072106076,0069400145,2021-03-23T00:00:00,1970-01-01T08:10:16,ME22N
010,EINKBELEG,0072106074,0069264526,2021-03-11T00:00:00,1970-01-01T15:27:46,ME23N
010,EINKBELEG,0072106074,0069264749,2021-03-11T00:00:00,1970-01-01T15:29:35,ME23N
010,EINKBELEG,0072106074,0069341972,2021-03-17T00:00:00,1970-01-01T16:10:33,ME23N
010,EINKBELEG,0072106074,0069380927,2021-03-22T00:00:00,1970-01-01T06:58:55,ME23N
010,EINKBELEG,0072106095,0069541788,2021-04-06T00:00:00,1970-01-01T10:42:48,ME22N
010,EINKBELEG,0072106095,0069549484,2021-04-06T00:00:00,1970-01-01T14:30:35,ME22N
010,EINKBELEG,0072106095,0069643084,2021-04-12T00:00:00,1970-01-01T12:37:13,ME22N
010,EINKBELEG,0072106656,0069682536,2021-04-14T00:00:00,1970-01-01T09:44:59,ME23N
010,EINKBELEG,0072106656,0069682609,2021-04-14T00:00:00,1970-01-01T09:47:31,ME23N
010,EINKBELEG,0072106656,0069682646,2021-04-14T00:00:00,1970-01-01T09:48:12,ME23N
010,EINKBELEG,0072106656,0069682698,2021-04-14T00:00:00,1970-01-01T09:52:20,ME23N
010,EINKBELEG,0072106656,0069682706,2021-04-14T00:00:00,1970-01-01T09:53:11,ME23N
010,EINKBELEG,0072106656,0069682710,2021-04-14T00:00:00,1970-01-01T09:55:57,ME23N
010,EINKBELEG,0072106656,0069682720,2021-04-14T00:00:00,1970-01-01T09:53:56,ME23N
010,EINKBELEG,0072106656,0069682850,2021-04-14T00:00:00,1970-01-01T09:59:33,ME23N
010,EINKBELEG,0072106656,0069683416,2021-04-14T00:00:00,1970-01-01T10:21:35,ME23N
010,EINKBELEG,0072106656,0069683419,2021-04-14T00:00:00,1970-01-01T10:22:06,ME23N
010,EINKBELEG,0072106656,0069683538,2021-04-14T00:00:00,1970-01-01T10:25:46,ME23N
010,EINKBELEG,0072106656,0069946969,2021-05-04T00:00:00,1970-01-01T10:27:25,ME23N
010,EINKBELEG,0072106656,0069947020,2021-05-04T00:00:00,1970-01-01T10:28:15,ME23N
010,EINKBELEG,0072106656,0073103440,2022-01-05T00:00:00,1970-01-01T16:30:28,ME23N
010,EINKBELEG,0072107914,0070602095,2021-06-18T00:00:00,1970-01-01T11:30:16,ME22N
010,EINKBELEG,0072107914,0071226254,2021-08-13T00:00:00,1970-01-01T08:45:11,ME23N
010,EINKBELEG,0072107914,0074173821,2022-03-24T00:00:00,1970-01-01T09:47:28,ME23N
010,EINKBELEG,0072107921,0071291987,2021-08-20T00:00:00,1970-01-01T10:14:20,ME23N
010,EINKBELEG,0072107921,0072878784,2021-12-22T00:00:00,1970-01-01T11:26:16,ME23N
010,EINKBELEG,0072107921,0073972698,2022-03-10T00:00:00,1970-01-01T10:17:00,ME23N
010,EINKBELEG,0072107921,0074898054,2022-05-24T00:00:00,1970-01-01T16:11:30,ME23N
010,EINKBELEG,0072110591,0072699099,2021-12-09T00:00:00,1970-01-01T08:26:15,ME22N
010,EINKBELEG,0072110591,0072823473,2021-12-17T00:00:00,1970-01-01T10:48:32,ME22N
010,EINKBELEG,0072110591,0072856227,2021-12-21T00:00:00,1970-01-01T11:26:02,ME22N
010,EINKBELEG,0072110591,0072856571,2021-12-21T00:00:00,1970-01-01T11:41:50,ME23N
010,EINKBELEG,0072111906,0073349240,2022-01-26T00:00:00,1970-01-01T10:56:38,ME23N
010,EINKBELEG,0072111906,0073945576,2022-03-08T00:00:00,1970-01-01T14:06:09,ME23N
010,EINKBELEG,0072111906,0074848208,2022-05-19T00:00:00,1970-01-01T11:55:57,ME22N
010,EINKBELEG,0072111922,0073821926,2022-03-01T00:00:00,1970-01-01T14:43:15,ME23N
010,EINKBELEG,0072111922,0073822649,2022-03-01T00:00:00,1970-01-01T15:19:24,ME29N
010,EINKBELEG,0072111922,0074788515,2022-05-13T00:00:00,1970-01-01T07:37:44,ME22N
010,EINKBELEG,0072111922,0074848345,2022-05-19T00:00:00,1970-01-01T12:02:00,ME22N
010,EINKBELEG,0072112699,0073770406,2022-02-25T00:00:00,1970-01-01T12:16:50,ME29N
010,EINKBELEG,0072112699,0073770475,2022-02-25T00:00:00,1970-01-01T12:17:42,ME29N
010,EINKBELEG,0072112699,0073770513,2022-02-25T00:00:00,1970-01-01T12:19:56,ME29N
010,EINKBELEG,0072112999,0074243662,2022-03-30T00:00:00,1970-01-01T07:15:38,ME23N
010,EINKBELEG,0072112999,0074243667,2022-03-30T00:00:00,1970-01-01T07:16:31,ME29N
010,EINKBELEG,0072112999,0074253072,2022-03-30T00:00:00,1970-01-01T15:03:30,ME23N
010,EINKBELEG,0072112999,0074484349,2022-04-19T00:00:00,1970-01-01T14:20:49,ME23N
010,EINKBELEG,0072114919,0075343717,2022-07-06T00:00:00,1970-01-01T13:34:13,ME29N
010,EINKBELEG,0072114919,0075345496,2022-07-06T00:00:00,1970-01-01T13:36:35,ME29N
010,EINKBELEG,0072114919,0075345571,2022-07-06T00:00:00,1970-01-01T13:39:04,ME29N
010,EINKBELEG,0072114919,0075354398,2022-07-07T00:00:00,1970-01-01T09:11:55,ME29N
010,EINKBELEG,0072114966,0075353132,2022-07-07T00:00:00,1970-01-01T07:49:16,ME29N
010,EINKBELEG,0072114966,0075353175,2022-07-07T00:00:00,1970-01-01T07:53:12,ME22N
010,EINKBELEG,0072114966,0075353190,2022-07-07T00:00:00,1970-01-01T07:54:41,ME22N
010,EINKBELEG,0076059957,0063617510,2020-02-18T00:00:00,1970-01-01T11:13:05,ME23N
010,EINKBELEG,0076059957,0063617521,2020-02-18T00:00:00,1970-01-01T11:12:51,ME23N
010,EINKBELEG,0076059957,0064264059,2020-03-25T00:00:00,1970-01-01T12:28:08,ME23N
010,EINKBELEG,4700001659,0066471860,2020-08-24T00:00:00,1970-01-01T11:29:12,ME23N
010,EINKBELEG,4700001659,0070394416,2021-06-02T00:00:00,1970-01-01T09:23:46,ME23N
010,EINKBELEG,4700001659,0073362014,2022-01-27T00:00:00,1970-01-01T08:42:16,ME23N
010,EINKBELEG,4700001402,0066439431,2020-08-20T00:00:00,1970-01-01T08:52:41,ME23N
010,EINKBELEG,4700001402,0069116492,2021-03-02T00:00:00,1970-01-01T11:56:09,ME23N
010,EINKBELEG,4700001402,0072521465,2021-11-26T00:00:00,1970-01-01T12:46:22,ME23N
010,EINKBELEG,4700001402,0073943398,2022-03-08T00:00:00,1970-01-01T12:09:27,ME23N
010,EINKBELEG,4700001402,0074428556,2022-04-14T00:00:00,1970-01-01T09:44:06,ME23N
010,EINKBELEG,4700001402,0074687732,2022-05-05T00:00:00,1970-01-01T08:55:56,ME23N
010,EINKBELEG,4700001417,0066499114,2020-08-26T00:00:00,1970-01-01T09:35:06,ME23N
010,EINKBELEG,4700001417,0067383033,2020-10-22T00:00:00,1970-01-01T09:21:38,ME23N
010,EINKBELEG,4700001417,0067892013,2020-11-24T00:00:00,1970-01-01T12:33:20,ME23N
010,EINKBELEG,4700001417,0068846586,2021-02-09T00:00:00,1970-01-01T09:50:37,ME23N
010,EINKBELEG,4700001417,0072765592,2021-12-13T00:00:00,1970-01-01T18:15:04,ME23N
010,EINKBELEG,0071156776,0056411221,2019-01-03T00:00:00,1970-01-01T14:30:52,ME23N
010,EINKBELEG,0071156776,0056979678,2019-02-14T00:00:00,1970-01-01T08:27:29,ME22N
010,EINKBELEG,0071156776,0057004987,2019-02-15T00:00:00,1970-01-01T09:57:02,ME22N
010,EINKBELEG,0071159240,0057988717,2019-04-12T00:00:00,1970-01-01T11:41:03,ME22N
010,EINKBELEG,0071159240,0057988737,2019-04-12T00:00:00,1970-01-01T11:42:12,ME22N
010,EINKBELEG,0071159240,0057988762,2019-04-12T00:00:00,1970-01-01T11:41:14,ME22N
010,EINKBELEG,0071159240,0068463717,2021-01-11T00:00:00,1970-01-01T13:28:40,ME23N
010,EINKBELEG,0071162667,0067985351,2020-11-30T00:00:00,1970-01-01T09:16:41,ME22N
010,EINKBELEG,0071162667,0067985427,2020-11-30T00:00:00,1970-01-01T09:19:35,ME23N
010,EINKBELEG,0071162667,0067985589,2020-11-30T00:00:00,1970-01-01T09:25:14,ME29N
010,EINKBELEG,0071162667,0067985630,2020-11-30T00:00:00,1970-01-01T09:26:26,ME29N
010,EINKBELEG,0071162667,0069255679,2021-03-11T00:00:00,1970-01-01T09:26:24,ME22N
010,EINKBELEG,0071162710,0068162852,2020-12-11T00:00:00,1970-01-01T08:25:20,ME22N
010,EINKBELEG,0071162710,0068162864,2020-12-11T00:00:00,1970-01-01T08:25:36,ME22N
010,EINKBELEG,0071162710,0068162988,2020-12-11T00:00:00,1970-01-01T08:39:52,ME22N
010,EINKBELEG,0071162710,0068163012,2020-12-11T00:00:00,1970-01-01T08:40:10,ME22N
010,EINKBELEG,0071162710,0072776054,2021-12-14T00:00:00,1970-01-01T12:07:09,ME23N
010,EINKBELEG,0071165045,0072861446,2021-12-21T00:00:00,1970-01-01T15:11:45,ME29N
010,EINKBELEG,0071165045,0072867286,2021-12-21T00:00:00,1970-01-01T17:39:13,ME29N
010,EINKBELEG,0071165045,0072867602,2021-12-21T00:00:00,1970-01-01T18:24:13,ME29N
010,EINKBELEG,0072097714,0052068106,2018-01-26T00:00:00,1970-01-01T10:19:46,ME23N
010,EINKBELEG,0072097714,0056151596,2018-12-05T00:00:00,1970-01-01T15:11:43,ME23N
010,EINKBELEG,0072097714,0056151915,2018-12-05T00:00:00,1970-01-01T15:34:38,ME23N
010,EINKBELEG,0072097715,0052068179,2018-01-26T00:00:00,1970-01-01T10:23:30,ME23N
010,EINKBELEG,0072097715,0056151570,2018-12-05T00:00:00,1970-01-01T15:19:33,ME23N
010,EINKBELEG,0072097715,0056151882,2018-12-05T00:00:00,1970-01-01T15:33:25,ME23N
010,EINKBELEG,0072099909,0052844578,2018-04-11T00:00:00,1970-01-01T09:29:47,ME23N
010,EINKBELEG,0072099909,0052844642,2018-04-11T00:00:00,1970-01-01T09:44:53,ME23N
010,EINKBELEG,0072099909,0052844657,2018-04-11T00:00:00,1970-01-01T09:44:15,ME23N
010,EINKBELEG,0072099909,0052848909,2018-04-11T00:00:00,1970-01-01T13:35:46,ME23N
010,EINKBELEG,0072099909,0056128241,2018-12-04T00:00:00,1970-01-01T08:41:21,ME23N
010,EINKBELEG,0072099909,0056525205,2019-01-11T00:00:00,1970-01-01T13:47:41,ME23N
010,EINKBELEG,0072091609,0055502526,2018-10-17T00:00:00,1970-01-01T10:38:21,ME23N
010,EINKBELEG,0072091609,0055502648,2018-10-17T00:00:00,1970-01-01T10:45:04,ME23N
010,EINKBELEG,0072091609,0055502720,2018-10-17T00:00:00,1970-01-01T10:49:51,ME23N
010,EINKBELEG,0072091609,0055502978,2018-10-17T00:00:00,1970-01-01T10:58:55,ME23N
010,EINKBELEG,0072091609,0056504368,2019-01-10T00:00:00,1970-01-01T12:41:18,ME53N
010,EINKBELEG,0072091609,0056504508,2019-01-10T00:00:00,1970-01-01T12:54:02,ME53N
010,EINKBELEG,0072091609,0056504866,2019-01-10T00:00:00,1970-01-01T13:04:47,ME53N
010,EINKBELEG,0072091609,0056504914,2019-01-10T00:00:00,1970-01-01T13:09:03,ME53N
010,EINKBELEG,0072091609,0056576499,2019-01-16T00:00:00,1970-01-01T11:22:12,ME23N
010,EINKBELEG,0072092746,0056443477,2019-01-07T00:00:00,1970-01-01T08:15:41,ME23N
010,EINKBELEG,0072092746,0057022678,2019-02-18T00:00:00,1970-01-01T09:08:40,ME23N
010,EINKBELEG,0072092746,0057022702,2019-02-18T00:00:00,1970-01-01T09:11:08,ME23N
010,EINKBELEG,0072096269,0057580446,2019-03-20T00:00:00,1970-01-01T13:49:02,ME22N
010,EINKBELEG,0072096269,0059985309,2019-07-12T00:00:00,1970-01-01T11:29:30,ME23N
010,EINKBELEG,0072096269,0060082479,2019-07-17T00:00:00,1970-01-01T10:35:05,ME23N
010,EINKBELEG,0072096269,0060204366,2019-07-25T00:00:00,1970-01-01T08:29:11,ME23N
010,EINKBELEG,0072094941,0060488641,2019-08-14T00:00:00,1970-01-01T14:40:31,ME23N
010,EINKBELEG,0072094941,0060557983,2019-08-21T00:00:00,1970-01-01T10:59:11,ME23N
010,EINKBELEG,0072094941,0060635472,2019-08-28T00:00:00,1970-01-01T14:01:26,ME23N
010,EINKBELEG,0072094941,0060776594,2019-09-10T00:00:00,1970-01-01T09:22:38,ME23N
010,EINKBELEG,0072095445,0060239284,2019-07-29T00:00:00,1970-01-01T09:18:00,ME23N
010,EINKBELEG,0072095445,0060239378,2019-07-29T00:00:00,1970-01-01T09:22:27,ME23N
010,EINKBELEG,0072095445,0060239429,2019-07-29T00:00:00,1970-01-01T09:23:57,ME23N
010,EINKBELEG,0072095499,0060880207,2019-09-18T00:00:00,1970-01-01T14:20:11,ME23N
010,EINKBELEG,0072095499,0061399340,2019-10-28T00:00:00,1970-01-01T10:15:38,ME23N
010,EINKBELEG,0072095499,0061399345,2019-10-28T00:00:00,1970-01-01T10:14:24,ME23N
010,EINKBELEG,0072095499,0062490457,2019-12-10T00:00:00,1970-01-01T06:49:43,ME23N
010,EINKBELEG,0072095499,0062937026,2020-01-09T00:00:00,1970-01-01T17:13:48,ME23N
010,EINKBELEG,0072097069,0060941468,2019-09-20T00:00:00,1970-01-01T07:43:39,ME22N
010,EINKBELEG,0072097069,0060941492,2019-09-20T00:00:00,1970-01-01T07:43:18,ME22N
010,EINKBELEG,0072097069,0060956653,2019-09-23T00:00:00,1970-01-01T07:07:35,ME23N
010,EINKBELEG,0072099649,0063045883,2020-01-20T00:00:00,1970-01-01T12:35:18,ME23N
010,EINKBELEG,0072099649,0063045913,2020-01-20T00:00:00,1970-01-01T12:37:02,ME23N
010,EINKBELEG,0072099649,0063045950,2020-01-20T00:00:00,1970-01-01T12:39:33,ME29N
010,EINKBELEG,0072099649,0063069485,2020-01-22T00:00:00,1970-01-01T11:15:02,ME23N
010,EINKBELEG,0072099126,0063284212,2020-02-03T00:00:00,1970-01-01T15:33:26,ME21N
010,EINKBELEG,0072099126,0063585019,2020-02-17T00:00:00,1970-01-01T06:49:43,ME23N
010,EINKBELEG,0072099126,0065340745,2020-05-29T00:00:00,1970-01-01T07:13:14,ME23N
010,EINKBELEG,0072099126,0065370971,2020-06-02T00:00:00,1970-01-01T14:00:10,ME23N
010,EINKBELEG,0072099165,0063333846,2020-02-05T00:00:00,1970-01-01T08:30:26,ME29N
010,EINKBELEG,0072099165,0063334147,2020-02-05T00:00:00,1970-01-01T08:31:39,ME29N
010,EINKBELEG,0072099165,0064554657,2020-04-06T00:00:00,1970-01-01T11:37:13,ME23N
010,EINKBELEG,0072099165,0064555139,2020-04-06T00:00:00,1970-01-01T11:43:46,ME23N
010,EINKBELEG,0072099165,0065977924,2020-07-15T00:00:00,1970-01-01T14:34:36,ME23N
010,EINKBELEG,0072100199,0064344240,2020-03-31T00:00:00,1970-01-01T08:12:53,ME29N
010,EINKBELEG,0072100199,0067406004,2020-10-23T00:00:00,1970-01-01T08:29:53,ME23N
010,EINKBELEG,0072100199,0067938400,2020-11-26T00:00:00,1970-01-01T13:30:33,ME23N
010,EINKBELEG,0072100714,0065193269,2020-05-19T00:00:00,1970-01-01T16:15:48,ME22N
010,EINKBELEG,0072100714,0065195822,2020-05-20T00:00:00,1970-01-01T07:40:19,ME22N
010,EINKBELEG,0072100714,0065538040,2020-06-17T00:00:00,1970-01-01T12:37:01,ME22N
010,EINKBELEG,0072100714,0065851751,2020-07-06T00:00:00,1970-01-01T10:47:19,ME23N
010,EINKBELEG,0072102940,0072555751,2021-11-29T00:00:00,1970-01-01T16:07:53,ME23N
010,EINKBELEG,0072102940,0072811025,2021-12-16T00:00:00,1970-01-01T11:53:18,ME23N
010,EINKBELEG,0072102940,0075230302,2022-06-24T00:00:00,1970-01-01T19:36:24,ME23N
010,EINKBELEG,0072105227,0069227726,2021-03-09T00:00:00,1970-01-01T15:00:00,ME23N
010,EINKBELEG,0072105227,0069611453,2021-04-08T00:00:00,1970-01-01T18:20:40,ME22N
010,EINKBELEG,0072105227,0069676419,2021-04-13T00:00:00,1970-01-01T19:21:26,ME22N
010,EINKBELEG,0072105729,0070638740,2021-06-22T00:00:00,1970-01-01T09:07:01,ME23N
010,EINKBELEG,0072105729,0070703037,2021-06-28T00:00:00,1970-01-01T14:07:58,ME23N
010,EINKBELEG,0072105729,0070703575,2021-06-28T00:00:00,1970-01-01T14:41:00,ME23N
010,EINKBELEG,0072105729,0070703583,2021-06-28T00:00:00,1970-01-01T14:44:46,ME23N
010,EINKBELEG,0072105744,0069350359,2021-03-18T00:00:00,1970-01-01T10:15:04,ME22N
010,EINKBELEG,0072105744,0069350430,2021-03-18T00:00:00,1970-01-01T10:14:22,ME22N
010,EINKBELEG,0072105744,0069350497,2021-03-18T00:00:00,1970-01-01T10:16:01,ME29N
010,EINKBELEG,0072105744,0069350505,2021-03-18T00:00:00,1970-01-01T10:15:42,ME22N
010,EINKBELEG,0072105767,0071291893,2021-08-20T00:00:00,1970-01-01T10:12:03,ME23N
010,EINKBELEG,0072105767,0072760700,2021-12-13T00:00:00,1970-01-01T15:12:35,ME23N
010,EINKBELEG,0072105767,0075621808,2022-08-03T00:00:00,1970-01-01T13:02:56,ME23N
010,EINKBELEG,0072105906,0069068113,2021-02-26T00:00:00,1970-01-01T09:56:40,ME23N
010,EINKBELEG,0072105906,0069072713,2021-02-26T00:00:00,1970-01-01T13:24:10,ME23N
010,EINKBELEG,0072105906,0069158013,2021-03-04T00:00:00,1970-01-01T11:14:36,ME23N
010,EINKBELEG,0072105906,0069158108,2021-03-04T00:00:00,1970-01-01T11:09:14,ME23N
010,EINKBELEG,0072106606,0069439400,2021-03-25T00:00:00,1970-01-01T12:45:14,ME23N
010,EINKBELEG,0072106606,0069740046,2021-04-19T00:00:00,1970-01-01T14:17:08,ME23N
010,EINKBELEG,0072106606,0069792336,2021-04-22T00:00:00,1970-01-01T06:48:13,ME23N
010,EINKBELEG,0072106669,0069432291,2021-03-25T00:00:00,1970-01-01T07:05:16,ME22N
010,EINKBELEG,0072106669,0069432302,2021-03-25T00:00:00,1970-01-01T07:04:03,ME22N
010,EINKBELEG,0072106669,0069432341,2021-03-25T00:00:00,1970-01-01T07:03:32,ME21N
010,EINKBELEG,0072106669,0069432348,2021-03-25T00:00:00,1970-01-01T07:06:25,ME22N
010,EINKBELEG,0072106699,0071291973,2021-08-20T00:00:00,1970-01-01T10:12:28,ME23N
010,EINKBELEG,0072106699,0071544229,2021-09-13T00:00:00,1970-01-01T11:37:33,ME23N
010,EINKBELEG,0072106699,0072190521,2021-11-02T00:00:00,1970-01-01T10:37:00,ME23N
010,EINKBELEG,0072107406,0072312840,2021-11-11T00:00:00,1970-01-01T14:06:13,ME23N
010,EINKBELEG,0072107406,0072313222,2021-11-11T00:00:00,1970-01-01T14:11:08,ME23N
010,EINKBELEG,0072109165,0071430591,2021-09-02T00:00:00,1970-01-01T12:30:35,ME23N
010,EINKBELEG,0072109165,0071430619,2021-09-02T00:00:00,1970-01-01T12:33:23,ME23N
010,EINKBELEG,0072109165,0071430634,2021-09-02T00:00:00,1970-01-01T12:33:02,ME23N
010,EINKBELEG,0072109165,0071439646,2021-09-03T00:00:00,1970-01-01T08:24:42,ME23N
010,EINKBELEG,0072109676,0072760586,2021-12-13T00:00:00,1970-01-01T15:07:19,ME23N
010,EINKBELEG,0072109676,0074397461,2022-04-12T00:00:00,1970-01-01T08:37:01,ME23N
010,EINKBELEG,0072109676,0074657090,2022-05-03T00:00:00,1970-01-01T10:35:39,ME23N
010,EINKBELEG,0072109676,0074657176,2022-05-03T00:00:00,1970-01-01T10:37:36,ME29N
010,EINKBELEG,0072116967,0074783741,2022-05-12T00:00:00,1970-01-01T16:01:41,ME29N
010,EINKBELEG,0072116967,0075226657,2022-06-24T00:00:00,1970-01-01T12:19:01,ME23N
010,EINKBELEG,0072116967,0075293027,2022-07-01T00:00:00,1970-01-01T06:50:35,ME23N
010,EINKBELEG,0072115690,0075845622,2022-08-25T00:00:00,1970-01-01T07:43:34,ME22N
010,EINKBELEG,4700001512,0067784060,2020-11-17T00:00:00,1970-01-01T07:15:46,ME23N
010,EINKBELEG,4700001512,0071572913,2021-09-15T00:00:00,1970-01-01T11:17:02,ME22N
010,EINKBELEG,4700001512,0071573115,2021-09-15T00:00:00,1970-01-01T11:23:06,ME22N
010,EINKBELEG,4700001512,0072452105,2021-11-23T00:00:00,1970-01-01T08:47:23,ME22N
010,EINKBELEG,4700001545,0072814919,2021-12-16T00:00:00,1970-01-01T15:19:40,ME23N
010,EINKBELEG,4700001545,0075400797,2022-07-12T00:00:00,1970-01-01T07:00:36,ME23N
010,EINKBELEG,4700001551,0072813654,2021-12-16T00:00:00,1970-01-01T14:15:01,ME23N
010,EINKBELEG,0071167099,0076596826,2022-11-03T00:00:00,1970-01-01T12:29:29,ME22N
010,EINKBELEG,0071167099,0076598666,2022-11-03T00:00:00,1970-01-01T13:53:17,ME22N
010,EINKBELEG,0071167099,0076612632,2022-11-04T00:00:00,1970-01-01T12:16:58,ME23N
010,EINKBELEG,0071167099,0076612721,2022-11-04T00:00:00,1970-01-01T12:20:50,ME23N
010,EINKBELEG,0072115541,0077047135,2022-12-07T00:00:00,1970-01-01T15:27:09,ME23N
010,EINKBELEG,0072115541,0077086899,2022-12-12T00:00:00,1970-01-01T09:15:13,ME23N
010,EINKBELEG,0072115541,0077088203,2022-12-12T00:00:00,1970-01-01T09:59:19,ME23N
010,EINKBELEG,0072115541,0077088761,2022-12-12T00:00:00,1970-01-01T10:17:58,ME23N
010,EINKBELEG,0072115690,0076442230,2022-10-18T00:00:00,1970-01-01T12:34:39,ME22N
010,EINKBELEG,0072115690,0076450789,2022-10-19T00:00:00,1970-01-01T07:37:31,ME22N
010,EINKBELEG,0072115700,0075974290,2022-09-06T00:00:00,1970-01-01T07:38:23,ME23N
010,EINKBELEG,0072115700,0075974487,2022-09-06T00:00:00,1970-01-01T08:03:18,ME23N
010,EINKBELEG,0072115700,0076451349,2022-10-19T00:00:00,1970-01-01T08:25:37,ME23N
010,EINKBELEG,0072115700,0076495782,2022-10-24T00:00:00,1970-01-01T08:16:24,ME23N
010,EINKBELEG,0072115700,0076496306,2022-10-24T00:00:00,1970-01-01T08:49:01,ME23N
010,EINKBELEG,0072119260,0077639819,2023-01-23T00:00:00,1970-01-01T06:06:36,ME52N
010,EINKBELEG,0072119260,0077732552,2023-01-27T00:00:00,1970-01-01T10:47:50,ME23N
010,EINKBELEG,0072119260,0077732569,2023-01-27T00:00:00,1970-01-01T10:48:01,ME23N
010,EINKBELEG,0071155226,0054038105,2018-06-21T00:00:00,1970-01-01T18:17:19,ME23N
010,EINKBELEG,0071155226,0054038120,2018-06-21T00:00:00,1970-01-01T18:16:31,ME23N
010,EINKBELEG,0071155226,0056082124,2018-11-29T00:00:00,1970-01-01T10:50:07,ME22N
010,EINKBELEG,0071155226,0056131094,2018-12-04T00:00:00,1970-01-01T11:35:18,ME22N
010,EINKBELEG,0071155657,0054360293,2018-07-13T00:00:00,1970-01-01T10:57:12,ME23N
010,EINKBELEG,0071155657,0054360316,2018-07-13T00:00:00,1970-01-01T10:56:33,ME23N
010,EINKBELEG,0071155657,0054371661,2018-07-16T00:00:00,1970-01-01T09:15:37,ME23N
010,EINKBELEG,0071157250,0056868856,2019-02-06T00:00:00,1970-01-01T10:01:48,ME22N
010,EINKBELEG,0071157250,0056904823,2019-02-08T00:00:00,1970-01-01T07:55:31,ME29N
010,EINKBELEG,0071157250,0056929588,2019-02-11T00:00:00,1970-01-01T11:03:40,ME23N
010,EINKBELEG,0071157250,0056929799,2019-02-11T00:00:00,1970-01-01T11:13:18,ME23N
010,EINKBELEG,0071157250,0057180500,2019-02-25T00:00:00,1970-01-01T10:59:59,ME23N
010,EINKBELEG,0071159099,0057745923,2019-04-02T00:00:00,1970-01-01T16:29:33,ME23N
010,EINKBELEG,0071159099,0057784299,2019-04-04T00:00:00,1970-01-01T09:48:56,ME29N
010,EINKBELEG,0071159099,0061510447,2019-11-06T00:00:00,1970-01-01T18:27:08,ME23N
010,EINKBELEG,0071160997,0070873749,2021-07-12T00:00:00,1970-01-01T17:23:23,ME23N
010,EINKBELEG,0071160997,0070875337,2021-07-13T00:00:00,1970-01-01T07:10:19,ME23N
010,EINKBELEG,0071160997,0070875377,2021-07-13T00:00:00,1970-01-01T07:18:55,ME23N
010,EINKBELEG,0071160997,0071553235,2021-09-14T00:00:00,1970-01-01T08:22:57,ME23N
010,EINKBELEG,0071161765,0065946257,2020-07-13T00:00:00,1970-01-01T14:24:05,ME22N
010,EINKBELEG,0071161765,0066053457,2020-07-22T00:00:00,1970-01-01T14:41:13,ME22N
010,EINKBELEG,0071161765,0066053509,2020-07-22T00:00:00,1970-01-01T14:41:28,ME22N
010,EINKBELEG,0071162476,0067723439,2020-11-11T00:00:00,1970-01-01T17:26:06,ME23N
010,EINKBELEG,0071162476,0068482466,2021-01-12T00:00:00,1970-01-01T11:20:23,ME23N
010,EINKBELEG,0071162476,0068484511,2021-01-12T00:00:00,1970-01-01T12:00:20,ME23N
010,EINKBELEG,0071162476,0070352680,2021-05-31T00:00:00,1970-01-01T07:27:22,ME23N
010,EINKBELEG,0071166266,0069225421,2021-03-09T00:00:00,1970-01-01T13:12:06,ME23N
010,EINKBELEG,0071166266,0073211339,2022-01-14T00:00:00,1970-01-01T08:39:29,ME23N
010,EINKBELEG,0071166266,0073211360,2022-01-14T00:00:00,1970-01-01T08:41:00,ME23N
010,EINKBELEG,0071166610,0069227467,2021-03-09T00:00:00,1970-01-01T14:53:05,ME23N
010,EINKBELEG,0071166610,0069228083,2021-03-09T00:00:00,1970-01-01T15:25:11,ME23N
010,EINKBELEG,0071166610,0069228163,2021-03-09T00:00:00,1970-01-01T15:22:45,ME23N
010,EINKBELEG,0071166610,0072315621,2021-11-11T00:00:00,1970-01-01T14:46:33,ME23N
010,EINKBELEG,0071166619,0069262533,2021-03-11T00:00:00,1970-01-01T14:03:24,ME22N
010,EINKBELEG,0071166619,0069262599,2021-03-11T00:00:00,1970-01-01T14:02:29,ME22N
010,EINKBELEG,0071166619,0069262608,2021-03-11T00:00:00,1970-01-01T14:03:39,ME22N
010,EINKBELEG,0072095046,0052763132,2018-04-05T00:00:00,1970-01-01T06:43:31,ME23N
010,EINKBELEG,0072095046,0052763151,2018-04-05T00:00:00,1970-01-01T06:47:15,ME23N
010,EINKBELEG,0072095046,0052772180,2018-04-05T00:00:00,1970-01-01T13:37:57,ME23N
010,EINKBELEG,0072095046,0066019216,2020-07-20T00:00:00,1970-01-01T13:08:49,ME22N
010,EINKBELEG,0072097616,0051998659,2018-01-18T00:00:00,1970-01-01T15:17:28,ME23N
010,EINKBELEG,0072097616,0052763119,2018-04-05T00:00:00,1970-01-01T06:44:11,ME23N
010,EINKBELEG,0072097616,0052763130,2018-04-05T00:00:00,1970-01-01T06:40:44,ME23N
010,EINKBELEG,0072097616,0052763154,2018-04-05T00:00:00,1970-01-01T06:47:53,ME23N
010,EINKBELEG,0072097616,0052765766,2018-04-05T00:00:00,1970-01-01T08:32:41,ME23N
010,EINKBELEG,0072097616,0052765787,2018-04-05T00:00:00,1970-01-01T08:33:54,ME23N
010,EINKBELEG,0072097616,0052765815,2018-04-05T00:00:00,1970-01-01T08:34:29,ME23N
010,EINKBELEG,0072097616,0052772197,2018-04-05T00:00:00,1970-01-01T13:35:22,ME23N
010,EINKBELEG,0072097616,0055465824,2018-10-15T00:00:00,1970-01-01T15:10:10,ME23N
010,EINKBELEG,0072099199,0053975301,2018-06-19T00:00:00,1970-01-01T09:09:37,ME23N
010,EINKBELEG,0072099199,0053987614,2018-06-19T00:00:00,1970-01-01T14:07:56,ME23N
010,EINKBELEG,0072099199,0054068695,2018-06-25T00:00:00,1970-01-01T09:21:33,ME23N
010,EINKBELEG,0072099719,0052820035,2018-04-10T00:00:00,1970-01-01T07:22:36,ME23N
010,EINKBELEG,0072099719,0052821126,2018-04-10T00:00:00,1970-01-01T08:44:27,ME29N
010,EINKBELEG,0072099719,0053087215,2018-04-27T00:00:00,1970-01-01T07:44:32,ME23N
010,EINKBELEG,0072099719,0053115825,2018-05-02T00:00:00,1970-01-01T07:05:29,ME23N
010,EINKBELEG,0072090942,0055007552,2018-09-11T00:00:00,1970-01-01T10:38:12,ME23N
010,EINKBELEG,0072090942,0055007569,2018-09-11T00:00:00,1970-01-01T10:39:37,ME23N
010,EINKBELEG,0072090942,0055007600,2018-09-11T00:00:00,1970-01-01T10:41:08,ME23N
010,EINKBELEG,0072090942,0055007635,2018-09-11T00:00:00,1970-01-01T10:42:44,ME23N
010,EINKBELEG,0072090942,0066767334,2020-09-11T00:00:00,1970-01-01T14:29:34,ME22N
010,EINKBELEG,0072092029,0055894701,2018-11-14T00:00:00,1970-01-01T08:18:38,ME23N
010,EINKBELEG,0072092029,0056252961,2018-12-13T00:00:00,1970-01-01T07:25:30,ME23N
010,EINKBELEG,0072092029,0056274740,2018-12-14T00:00:00,1970-01-01T07:38:50,ME23N
010,EINKBELEG,0072096110,0058285107,2019-04-25T00:00:00,1970-01-01T14:12:52,ME22N
010,EINKBELEG,0072096110,0058285108,2019-04-25T00:00:00,1970-01-01T14:13:22,ME22N
010,EINKBELEG,0072096110,0058285110,2019-04-25T00:00:00,1970-01-01T14:13:44,ME22N
010,EINKBELEG,0072096110,0059706744,2019-06-24T00:00:00,1970-01-01T13:56:59,ME23N
010,EINKBELEG,0072096165,0056909957,2019-02-08T00:00:00,1970-01-01T13:34:28,ME23N
010,EINKBELEG,0072096165,0061568275,2019-11-11T00:00:00,1970-01-01T15:38:27,ME23N
010,EINKBELEG,0072096165,0061674281,2019-11-20T00:00:00,1970-01-01T08:47:37,ME23N
010,EINKBELEG,0072096165,0066058350,2020-07-23T00:00:00,1970-01-01T08:25:50,ME22N
010,EINKBELEG,0072094299,0057868239,2019-04-08T00:00:00,1970-01-01T14:05:22,ME23N
010,EINKBELEG,0072094299,0057868320,2019-04-08T00:00:00,1970-01-01T14:08:07,ME23N
010,EINKBELEG,0072094299,0057868356,2019-04-08T00:00:00,1970-01-01T14:07:15,ME23N
010,EINKBELEG,0072094299,0063802124,2020-02-26T00:00:00,1970-01-01T08:45:39,ME23N
010,EINKBELEG,0072095959,0060026438,2019-07-15T00:00:00,1970-01-01T14:58:34,ME29N
010,EINKBELEG,0072095959,0060051462,2019-07-16T00:00:00,1970-01-01T14:44:45,ME23N
010,EINKBELEG,0072095959,0067339484,2020-10-19T00:00:00,1970-01-01T13:30:32,ME23N
010,EINKBELEG,0072097441,0061755022,2019-11-29T00:00:00,1970-01-01T13:04:54,ME22N
010,EINKBELEG,0072097441,0062398435,2019-12-02T00:00:00,1970-01-01T16:07:32,ME22N
010,EINKBELEG,0072097441,0062398470,2019-12-02T00:00:00,1970-01-01T16:14:59,ME22N
010,EINKBELEG,0072097441,0062714931,2019-12-18T00:00:00,1970-01-01T10:46:05,ME23N
010,EINKBELEG,0072097996,0062444766,2019-12-06T00:00:00,1970-01-01T08:25:18,ME23N
010,EINKBELEG,0072097996,0063024201,2020-01-17T00:00:00,1970-01-01T08:35:10,ME23N
010,EINKBELEG,0072097996,0063056843,2020-01-21T00:00:00,1970-01-01T10:07:39,ME23N
010,EINKBELEG,0072097996,0063057176,2020-01-21T00:00:00,1970-01-01T10:28:36,ME23N
010,EINKBELEG,0072099029,0063143925,2020-01-28T00:00:00,1970-01-01T13:57:18,ME23N
010,EINKBELEG,0072099029,0063144003,2020-01-28T00:00:00,1970-01-01T14:01:17,ME23N
010,EINKBELEG,0072099029,0063144108,2020-01-28T00:00:00,1970-01-01T14:08:35,ME23N
010,EINKBELEG,0072099029,0063144122,2020-01-28T00:00:00,1970-01-01T14:10:47,ME23N
010,EINKBELEG,0072099029,0063144332,2020-01-28T00:00:00,1970-01-01T14:22:00,ME23N
010,EINKBELEG,0072099029,0063144403,2020-01-28T00:00:00,1970-01-01T14:24:44,ME23N
010,EINKBELEG,0072099029,0063144836,2020-01-28T00:00:00,1970-01-01T14:41:16,ME23N
010,EINKBELEG,0072099029,0063144860,2020-01-28T00:00:00,1970-01-01T14:45:35,ME22N
010,EINKBELEG,0072099029,0063145082,2020-01-28T00:00:00,1970-01-01T15:05:17,ME22N
010,EINKBELEG,0072099029,0063145661,2020-01-28T00:00:00,1970-01-01T15:44:01,ME23N
010,EINKBELEG,0072099029,0063145726,2020-01-28T00:00:00,1970-01-01T15:43:12,ME23N
010,EINKBELEG,0072099029,0063151103,2020-01-29T00:00:00,1970-01-01T09:03:53,ME23N
010,EINKBELEG,0072099029,0063544193,2020-02-13T00:00:00,1970-01-01T08:31:55,ME23N
010,EINKBELEG,0072099059,0063428990,2020-02-07T00:00:00,1970-01-01T10:44:28,ME23N
010,EINKBELEG,0072099059,0063454250,2020-02-07T00:00:00,1970-01-01T11:27:24,ME23N
010,EINKBELEG,0072099059,0063454468,2020-02-07T00:00:00,1970-01-01T11:28:07,ME23N
010,EINKBELEG,0072099059,0065109331,2020-05-13T00:00:00,1970-01-01T12:03:36,ME23N
010,EINKBELEG,0072099519,0063795942,2020-02-26T00:00:00,1970-01-01T07:26:10,ME23N
010,EINKBELEG,0072099519,0064263783,2020-03-25T00:00:00,1970-01-01T12:04:56,ME23N
010,EINKBELEG,0072099519,0064263823,2020-03-25T00:00:00,1970-01-01T12:05:19,ME23N
010,EINKBELEG,0072099519,0064264557,2020-03-25T00:00:00,1970-01-01T13:02:58,ME23N
010,EINKBELEG,0072099519,0064264566,2020-03-25T00:00:00,1970-01-01T13:03:51,ME23N
010,EINKBELEG,0072099519,0064264574,2020-03-25T00:00:00,1970-01-01T13:03:27,ME23N
010,EINKBELEG,0072099525,0063801896,2020-02-26T00:00:00,1970-01-01T08:35:13,ME23N
010,EINKBELEG,0072099525,0063802065,2020-02-26T00:00:00,1970-01-01T08:43:34,ME23N
010,EINKBELEG,0072099525,0064264543,2020-03-25T00:00:00,1970-01-01T13:05:04,ME23N
010,EINKBELEG,0072099541,0067405970,2020-10-23T00:00:00,1970-01-01T08:28:46,ME23N
010,EINKBELEG,0072099541,0071544124,2021-09-13T00:00:00,1970-01-01T11:33:10,ME23N
010,EINKBELEG,0072099541,0072760839,2021-12-13T00:00:00,1970-01-01T15:20:02,ME23N
010,EINKBELEG,0072099541,0073112217,2022-01-06T00:00:00,1970-01-01T11:04:36,ME23N
010,EINKBELEG,0072099596,0067997904,2020-11-30T00:00:00,1970-01-01T16:57:58,ME23N
010,EINKBELEG,0072099596,0068001655,2020-12-01T00:00:00,1970-01-01T06:43:58,ME23N
010,EINKBELEG,0072099596,0068573384,2021-01-18T00:00:00,1970-01-01T17:43:51,ME23N
010,EINKBELEG,0072099596,0069311184,2021-03-16T00:00:00,1970-01-01T09:55:22,ME22N
010,EINKBELEG,0072099596,0073282665,2022-01-20T00:00:00,1970-01-01T18:00:37,ME23N
010,EINKBELEG,0072099596,0075685452,2022-08-09T00:00:00,1970-01-01T11:39:49,ME23N
010,EINKBELEG,0072099592,0064313626,2020-03-27T00:00:00,1970-01-01T10:56:22,ME29N
010,EINKBELEG,0072099592,0064367569,2020-03-31T00:00:00,1970-01-01T12:24:23,ME29N
010,EINKBELEG,0072099592,0064367631,2020-03-31T00:00:00,1970-01-01T12:24:55,ME29N
010,EINKBELEG,0072099592,0071443784,2021-09-03T00:00:00,1970-01-01T12:10:23,ME23N
010,EINKBELEG,0072099595,0064313686,2020-03-27T00:00:00,1970-01-01T10:58:06,ME29N
010,EINKBELEG,0072099595,0064313714,2020-03-27T00:00:00,1970-01-01T10:58:56,ME29N
010,EINKBELEG,0072099595,0064314254,2020-03-27T00:00:00,1970-01-01T11:24:05,ME29N
010,EINKBELEG,0072099595,0064367954,2020-03-31T00:00:00,1970-01-01T12:26:53,ME29N
010,EINKBELEG,0072099595,0072811887,2021-12-16T00:00:00,1970-01-01T12:40:41,ME23N
010,EINKBELEG,0072100655,0066432509,2020-08-19T00:00:00,1970-01-01T12:31:53,ME23N
010,EINKBELEG,0072100655,0066434698,2020-08-19T00:00:00,1970-01-01T14:42:33,ME23N
010,EINKBELEG,0072100655,0066465013,2020-08-24T00:00:00,1970-01-01T08:05:03,ME23N
010,EINKBELEG,0072102902,0066682142,2020-09-07T00:00:00,1970-01-01T07:21:00,ME22N
010,EINKBELEG,0072102902,0066682166,2020-09-07T00:00:00,1970-01-01T07:20:17,ME22N
010,EINKBELEG,0072102902,0066682175,2020-09-07T00:00:00,1970-01-01T07:21:43,ME22N
010,EINKBELEG,0072102902,0066683075,2020-09-07T00:00:00,1970-01-01T08:53:14,ME23N
010,EINKBELEG,0072102902,0067022873,2020-09-25T00:00:00,1970-01-01T07:17:14,ME22N
010,EINKBELEG,0072106647,0067607653,2020-11-05T00:00:00,1970-01-01T07:04:44,ME22N
010,EINKBELEG,0072106647,0067660022,2020-11-09T00:00:00,1970-01-01T13:14:00,ME22N
010,EINKBELEG,0072106956,0067664991,2020-11-09T00:00:00,1970-01-01T17:46:55,ME23N
010,EINKBELEG,0072106956,0068042142,2020-12-02T00:00:00,1970-01-01T16:29:40,ME22N
010,EINKBELEG,0072106956,0068257152,2020-12-17T00:00:00,1970-01-01T17:39:59,ME23N
010,EINKBELEG,0072106956,0068263127,2020-12-18T00:00:00,1970-01-01T10:31:34,ME22N
010,EINKBELEG,0072105729,0069071421,2021-02-26T00:00:00,1970-01-01T12:03:06,ME23N
010,EINKBELEG,0072105729,0069100558,2021-03-01T00:00:00,1970-01-01T14:38:03,ME29N
010,EINKBELEG,0072107604,0071291965,2021-08-20T00:00:00,1970-01-01T10:09:11,ME23N
010,EINKBELEG,0072107604,0072405829,2021-11-19T00:00:00,1970-01-01T06:54:09,ME23N
010,EINKBELEG,0072107604,0072483948,2021-11-24T00:00:00,1970-01-01T10:42:33,ME23N
010,EINKBELEG,0072107625,0070362211,2021-05-31T00:00:00,1970-01-01T14:29:07,ME22N
010,EINKBELEG,0072107625,0070362270,2021-05-31T00:00:00,1970-01-01T14:27:24,ME23N
010,EINKBELEG,0072107625,0070362278,2021-05-31T00:00:00,1970-01-01T14:27:55,ME23N
010,EINKBELEG,0072107625,0070362331,2021-05-31T00:00:00,1970-01-01T14:28:52,ME29N
010,EINKBELEG,0072107625,0072798495,2021-12-15T00:00:00,1970-01-01T15:13:49,ME23N
010,EINKBELEG,0072107406,0071813171,2021-10-06T00:00:00,1970-01-01T06:43:05,ME23N
010,EINKBELEG,0072109699,0070982620,2021-07-22T00:00:00,1970-01-01T12:25:53,ME29N
010,EINKBELEG,0072109699,0071215574,2021-08-12T00:00:00,1970-01-01T11:34:49,ME22N
010,EINKBELEG,0072109699,0072603306,2021-12-02T00:00:00,1970-01-01T14:32:53,ME23N
010,EINKBELEG,0072109699,0073270606,2022-01-19T00:00:00,1970-01-01T12:35:11,ME22N
010,EINKBELEG,0072109699,0075309747,2022-07-04T00:00:00,1970-01-01T08:54:16,ME23N
010,EINKBELEG,0072109402,0071214231,2021-08-12T00:00:00,1970-01-01T10:37:46,ME22N
010,EINKBELEG,0072109402,0075542784,2022-07-26T00:00:00,1970-01-01T13:08:17,ME22N
010,EINKBELEG,0072109409,0071213982,2021-08-12T00:00:00,1970-01-01T10:24:03,ME22N
010,EINKBELEG,0072109409,0071305379,2021-08-23T00:00:00,1970-01-01T13:01:32,ME22N
010,EINKBELEG,0072109409,0071305388,2021-08-23T00:00:00,1970-01-01T13:03:45,ME22N
010,EINKBELEG,0072109409,0071859500,2021-10-08T00:00:00,1970-01-01T19:47:50,ME22N
010,EINKBELEG,0072109409,0072287337,2021-11-09T00:00:00,1970-01-01T16:31:06,ME22N
010,EINKBELEG,0072109409,0072288396,2021-11-09T00:00:00,1970-01-01T19:21:10,ME22N
010,EINKBELEG,0072109409,0072620365,2021-12-03T00:00:00,1970-01-01T13:05:42,ME22N
010,EINKBELEG,0072109409,0072620644,2021-12-03T00:00:00,1970-01-01T13:15:30,ME22N
010,EINKBELEG,0072109409,0072620683,2021-12-03T00:00:00,1970-01-01T13:21:07,ME22N
010,EINKBELEG,0072109409,0072620859,2021-12-03T00:00:00,1970-01-01T13:26:20,ME22N
010,EINKBELEG,0072109409,0072634367,2021-12-06T00:00:00,1970-01-01T10:14:41,ME22N
010,EINKBELEG,0072109409,0074097299,2022-03-18T00:00:00,1970-01-01T09:38:38,ME22N
010,EINKBELEG,0072109409,0074352670,2022-04-07T00:00:00,1970-01-01T10:55:17,ME22N
010,EINKBELEG,0072109409,0075542757,2022-07-26T00:00:00,1970-01-01T13:09:29,ME22N
010,EINKBELEG,0072109977,0072602748,2021-12-02T00:00:00,1970-01-01T14:00:03,ME23N
010,EINKBELEG,0072109977,0073363127,2022-01-27T00:00:00,1970-01-01T09:38:06,ME23N
010,EINKBELEG,0072109977,0073403883,2022-01-31T00:00:00,1970-01-01T12:24:43,ME23N
010,EINKBELEG,0072109055,0072295292,2021-11-10T00:00:00,1970-01-01T10:20:11,ME22N
010,EINKBELEG,0072109055,0072298958,2021-11-10T00:00:00,1970-01-01T13:49:12,ME22N
010,EINKBELEG,0072109055,0072300439,2021-11-10T00:00:00,1970-01-01T15:32:40,ME22N
010,EINKBELEG,0072109055,0072300586,2021-11-10T00:00:00,1970-01-01T15:37:37,ME22N
010,EINKBELEG,0072110742,0075230279,2022-06-24T00:00:00,1970-01-01T19:31:48,ME23N
010,EINKBELEG,0072111961,0073459067,2022-02-03T00:00:00,1970-01-01T07:15:02,ME23N
010,EINKBELEG,0072111995,0073738160,2022-02-23T00:00:00,1970-01-01T11:41:02,ME29N
010,EINKBELEG,0072111995,0073738194,2022-02-23T00:00:00,1970-01-01T11:42:07,ME29N
010,EINKBELEG,0072111995,0073738244,2022-02-23T00:00:00,1970-01-01T11:43:14,ME29N
010,EINKBELEG,0072116706,0075540895,2022-07-26T00:00:00,1970-01-01T11:02:08,ME23N
010,EINKBELEG,0072116706,0075542649,2022-07-26T00:00:00,1970-01-01T12:53:46,ME23N
010,EINKBELEG,0072116706,0075594298,2022-08-01T00:00:00,1970-01-01T12:55:35,ME23N
010,EINKBELEG,0072116706,0075594355,2022-08-01T00:00:00,1970-01-01T12:57:18,ME23N
010,EINKBELEG,0072116706,0075926128,2022-09-01T00:00:00,1970-01-01T09:54:06,ME23N
010,EINKBELEG,0072115541,0075753708,2022-08-16T00:00:00,1970-01-01T14:45:17,ME23N
010,EINKBELEG,0076066096,0068881769,2021-02-11T00:00:00,1970-01-01T14:53:47,ME29N
010,EINKBELEG,0076066096,0068881788,2021-02-11T00:00:00,1970-01-01T14:53:32,ME29N
010,EINKBELEG,0076066096,0068881951,2021-02-11T00:00:00,1970-01-01T15:06:14,ME29N
010,EINKBELEG,0076066096,0068881952,2021-02-11T00:00:00,1970-01-01T15:06:35,ME29N
010,EINKBELEG,0076066970,0074938735,2022-05-30T00:00:00,1970-01-01T12:52:34,ME29N
010,EINKBELEG,0076066970,0074986705,2022-06-01T00:00:00,1970-01-01T14:07:10,ME23N
010,EINKBELEG,0076066970,0075094660,2022-06-13T00:00:00,1970-01-01T07:07:32,ME23N
010,EINKBELEG,4700001456,0067269795,2020-10-13T00:00:00,1970-01-01T06:37:23,ME23N
010,EINKBELEG,4700001456,0068232265,2020-12-16T00:00:00,1970-01-01T11:52:22,ME23N
010,EINKBELEG,4700001456,0071245201,2021-08-16T00:00:00,1970-01-01T08:27:47,ME23N
010,EINKBELEG,4700001456,0073959042,2022-03-09T00:00:00,1970-01-01T11:58:04,ME23N
010,EINKBELEG,4700001459,0068740105,2021-02-01T00:00:00,1970-01-01T10:35:37,ME22N
010,EINKBELEG,4700001459,0069001714,2021-02-22T00:00:00,1970-01-01T10:53:58,ME23N
010,EINKBELEG,4700001459,0072257564,2021-11-08T00:00:00,1970-01-01T09:09:14,ME22N
010,EINKBELEG,4700001465,0065678292,2020-06-24T00:00:00,1970-01-01T08:06:16,ME22N
010,EINKBELEG,4700001465,0066149464,2020-07-31T00:00:00,1970-01-01T07:28:45,ME23N
010,EINKBELEG,4700001465,0067274337,2020-10-13T00:00:00,1970-01-01T10:42:03,ME23N
010,EINKBELEG,4700001465,0067679465,2020-11-10T00:00:00,1970-01-01T08:52:50,ME23N
010,EINKBELEG,4700001465,0068507318,2021-01-13T00:00:00,1970-01-01T11:04:15,ME23N
010,EINKBELEG,4700001474,0068396691,2021-01-06T00:00:00,1970-01-01T09:27:11,ME23N
010,EINKBELEG,4700001474,0072807782,2021-12-16T00:00:00,1970-01-01T09:28:18,ME23N
010,EINKBELEG,4700001474,0072807861,2021-12-16T00:00:00,1970-01-01T09:31:10,ME23N
010,EINKBELEG,4700001474,0075356568,2022-07-07T00:00:00,1970-01-01T11:17:14,ME23N
010,EINKBELEG,4700001499,0067230353,2020-10-08T00:00:00,1970-01-01T10:34:17,ME23N
010,EINKBELEG,4700001499,0067230928,2020-10-08T00:00:00,1970-01-01T10:51:22,ME23N
010,EINKBELEG,4700001499,0067272955,2020-10-13T00:00:00,1970-01-01T09:59:21,ME23N
010,EINKBELEG,4700001499,0070844450,2021-07-08T00:00:00,1970-01-01T12:10:52,ME23N
010,EINKBELEG,4700001499,0073958625,2022-03-09T00:00:00,1970-01-01T11:45:41,ME23N
010,EINKBELEG,0072102940,0077190210,2022-12-20T00:00:00,1970-01-01T11:56:17,ME23N
010,EINKBELEG,0072102940,0077203357,2022-12-21T00:00:00,1970-01-01T12:06:50,ME23N
010,EINKBELEG,0072107406,0076945457,2022-12-01T00:00:00,1970-01-01T14:27:06,ME23N
010,EINKBELEG,0072107406,0077213610,2022-12-22T00:00:00,1970-01-01T07:41:14,ME23N
010,EINKBELEG,0072107914,0076513008,2022-10-25T00:00:00,1970-01-01T12:31:54,ME21N
010,EINKBELEG,0072107914,0076513023,2022-10-25T00:00:00,1970-01-01T12:32:17,ME21N
010,EINKBELEG,0072109402,0076760533,2022-11-18T00:00:00,1970-01-01T06:07:28,ME23N
010,EINKBELEG,0072109409,0076525540,2022-10-26T00:00:00,1970-01-01T13:40:57,ME22N
010,EINKBELEG,0072109409,0076740292,2022-11-16T00:00:00,1970-01-01T14:22:21,ME22N
010,EINKBELEG,0072109409,0076740377,2022-11-16T00:00:00,1970-01-01T14:27:56,ME22N
010,EINKBELEG,0072109409,0076740601,2022-11-16T00:00:00,1970-01-01T14:39:27,ME22N
010,EINKBELEG,0072109409,0076740782,2022-11-16T00:00:00,1970-01-01T14:45:39,ME22N
010,EINKBELEG,0072109409,0076741032,2022-11-16T00:00:00,1970-01-01T15:00:40,ME22N
010,EINKBELEG,0072109409,0076760558,2022-11-18T00:00:00,1970-01-01T06:14:07,ME23N
010,EINKBELEG,0072109202,0077217003,2022-12-22T00:00:00,1970-01-01T09:01:55,ME23N
010,EINKBELEG,0072110742,0076752528,2022-11-17T00:00:00,1970-01-01T12:16:34,ME23N
010,EINKBELEG,0072110742,0077138000,2022-12-14T00:00:00,1970-01-01T19:01:13,ME23N
010,EINKBELEG,0072110742,0077165706,2022-12-16T00:00:00,1970-01-01T14:25:56,ME23N
010,EINKBELEG,0072110742,0077165820,2022-12-16T00:00:00,1970-01-01T14:32:16,ME23N
010,EINKBELEG,0072110742,0077175097,2022-12-19T00:00:00,1970-01-01T09:15:12,ME23N
010,EINKBELEG,0072110966,0076905243,2022-11-30T00:00:00,1970-01-01T12:45:56,ME23N
010,EINKBELEG,0072111961,0076330572,2022-10-07T00:00:00,1970-01-01T12:05:25,ME23N
010,EINKBELEG,0072111961,0077140688,2022-12-15T00:00:00,1970-01-01T07:42:51,ME23N
010,EINKBELEG,0072111961,0077141756,2022-12-15T00:00:00,1970-01-01T09:01:42,ME22N
010,EINKBELEG,0072111995,0076052218,2022-09-12T00:00:00,1970-01-01T11:10:27,ME23N
010,EINKBELEG,0072111995,0076052237,2022-09-12T00:00:00,1970-01-01T11:10:10,ME23N
010,EINKBELEG,0072111995,0077235227,2022-12-22T00:00:00,1970-01-01T11:51:20,ME23N
010,EINKBELEG,0072112916,0077244359,2022-12-23T00:00:00,1970-01-01T08:20:55,ME23N
010,EINKBELEG,0072112916,0077247617,2022-12-23T00:00:00,1970-01-01T10:39:38,ME23N
010,EINKBELEG,4700001196,0077531297,2023-01-13T00:00:00,1970-01-01T10:42:57,ME22N
010,EINKBELEG,4700001641,0076816305,2022-11-23T00:00:00,1970-01-01T07:33:20,ME22N
010,EINKBELEG,4700001402,0077684839,2023-01-24T00:00:00,1970-01-01T12:03:20,ME23N
010,EINKBELEG,4700001459,0076795679,2022-11-22T00:00:00,1970-01-01T08:43:55,ME22N
010,EINKBELEG,4700001474,0077415266,2023-01-05T00:00:00,1970-01-01T09:29:08,ME23N
010,EINKBELEG,4700001512,0078247278,2023-02-08T00:00:00,1970-01-01T12:52:58,ME22N
010,EINKBELEG,4700001545,0076519067,2022-10-26T00:00:00,1970-01-01T07:29:37,ME23N
010,EINKBELEG,4700001545,0077414432,2023-01-05T00:00:00,1970-01-01T09:14:55,ME23N
010,EINKBELEG,4700001551,0077051861,2022-12-08T00:00:00,1970-01-01T08:11:26,ME23N
010,EINKBELEG,4700001551,0077051880,2022-12-08T00:00:00,1970-01-01T08:13:31,ME23N
010,EINKBELEG,4700001551,0077414693,2023-01-05T00:00:00,1970-01-01T09:24:33,ME23N
010,EINKBELEG,0071154665,0052484558,2018-03-12T00:00:00,1970-01-01T13:01:33,ME23N
010,EINKBELEG,0071154665,0052484764,2018-03-12T00:00:00,1970-01-01T13:11:24,ME23N
010,EINKBELEG,0071154665,0052485339,2018-03-12T00:00:00,1970-01-01T13:38:25,ME23N
010,EINKBELEG,0071154665,0052485394,2018-03-12T00:00:00,1970-01-01T13:38:58,ME23N
010,EINKBELEG,0071154665,0060053987,2019-07-16T00:00:00,1970-01-01T15:15:14,ME23N
010,EINKBELEG,0071157024,0056345014,2018-12-20T00:00:00,1970-01-01T15:57:45,ME23N
010,EINKBELEG,0071157024,0056354168,2018-12-21T00:00:00,1970-01-01T07:39:35,ME23N
010,EINKBELEG,0071157024,0056355640,2018-12-21T00:00:00,1970-01-01T08:47:44,ME23N
010,EINKBELEG,0071157092,0056503618,2019-01-10T00:00:00,1970-01-01T11:49:27,ME23N
010,EINKBELEG,0071157092,0056516305,2019-01-11T00:00:00,1970-01-01T07:43:30,ME23N
010,EINKBELEG,0071157092,0056521573,2019-01-11T00:00:00,1970-01-01T10:49:08,ME23N
010,EINKBELEG,0071159957,0062674945,2019-12-17T00:00:00,1970-01-01T08:45:10,ME22N
010,EINKBELEG,0071159957,0062674991,2019-12-17T00:00:00,1970-01-01T08:47:48,ME29N
010,EINKBELEG,0071159957,0062675026,2019-12-17T00:00:00,1970-01-01T08:48:47,ME29N
010,EINKBELEG,0071159957,0062675051,2019-12-17T00:00:00,1970-01-01T08:53:33,ME29N
010,EINKBELEG,0071160672,0067585785,2020-11-03T00:00:00,1970-01-01T17:51:53,ME23N
010,EINKBELEG,0071160672,0067825863,2020-11-19T00:00:00,1970-01-01T13:01:20,ME23N
010,EINKBELEG,0071160672,0068297940,2020-12-22T00:00:00,1970-01-01T11:01:05,ME23N
010,EINKBELEG,0071160672,0068474303,2021-01-12T00:00:00,1970-01-01T08:22:08,ME23N
010,EINKBELEG,0071160694,0063232865,2020-01-31T00:00:00,1970-01-01T08:11:34,ME23N
010,EINKBELEG,0071160694,0063284037,2020-02-03T00:00:00,1970-01-01T15:21:35,ME23N
010,EINKBELEG,0071160694,0063963600,2020-03-04T00:00:00,1970-01-01T15:46:35,ME23N
010,EINKBELEG,0071161696,0065135495,2020-05-15T00:00:00,1970-01-01T10:32:36,ME23N
010,EINKBELEG,0071161696,0065541756,2020-06-17T00:00:00,1970-01-01T14:48:51,ME23N
010,EINKBELEG,0071161696,0065677826,2020-06-24T00:00:00,1970-01-01T07:16:11,ME23N
010,EINKBELEG,0071162990,0070768310,2021-07-01T00:00:00,1970-01-01T15:48:24,ME23N
010,EINKBELEG,0071162990,0070776499,2021-07-02T00:00:00,1970-01-01T08:36:40,ME29N
010,EINKBELEG,0071162990,0070877395,2021-07-13T00:00:00,1970-01-01T09:37:55,ME29N
010,EINKBELEG,0071162990,0070877402,2021-07-13T00:00:00,1970-01-01T09:41:14,ME29N
010,EINKBELEG,0071162990,0070985592,2021-07-22T00:00:00,1970-01-01T13:49:07,ME29N
010,EINKBELEG,0071164527,0071849163,2021-10-08T00:00:00,1970-01-01T10:27:06,ME23N
010,EINKBELEG,0071164527,0072564816,2021-11-30T00:00:00,1970-01-01T11:47:16,ME23N
010,EINKBELEG,0071164527,0072564991,2021-11-30T00:00:00,1970-01-01T11:57:39,ME23N
010,EINKBELEG,0071164527,0074829243,2022-05-18T00:00:00,1970-01-01T09:11:26,ME23N
010,EINKBELEG,0071165679,0073710779,2022-02-21T00:00:00,1970-01-01T15:32:42,ME23N
010,EINKBELEG,0071165679,0074857455,2022-05-20T00:00:00,1970-01-01T09:34:26,ME23N
010,EINKBELEG,0072097969,0052190333,2018-02-09T00:00:00,1970-01-01T12:05:57,ME23N
010,EINKBELEG,0072097969,0052190337,2018-02-09T00:00:00,1970-01-01T12:06:08,ME23N
010,EINKBELEG,0072097969,0052685245,2018-03-27T00:00:00,1970-01-01T07:46:13,ME23N
010,EINKBELEG,0072097940,0052190320,2018-02-09T00:00:00,1970-01-01T12:05:35,ME23N
010,EINKBELEG,0072097940,0052190344,2018-02-09T00:00:00,1970-01-01T12:05:26,ME23N
010,EINKBELEG,0072097940,0052725703,2018-03-29T00:00:00,1970-01-01T09:26:58,ME23N
010,EINKBELEG,0072097941,0052190262,2018-02-09T00:00:00,1970-01-01T12:04:49,ME23N
010,EINKBELEG,0072097941,0052190328,2018-02-09T00:00:00,1970-01-01T12:04:58,ME23N
010,EINKBELEG,0072097941,0052287101,2018-02-20T00:00:00,1970-01-01T13:57:07,ME23N
010,EINKBELEG,0072097942,0052190253,2018-02-09T00:00:00,1970-01-01T12:03:39,ME23N
010,EINKBELEG,0072097942,0052190325,2018-02-09T00:00:00,1970-01-01T12:04:22,ME23N
010,EINKBELEG,0072097942,0054443162,2018-07-23T00:00:00,1970-01-01T10:40:01,ME23N
010,EINKBELEG,0072091225,0055164743,2018-09-24T00:00:00,1970-01-01T14:34:28,ME23N
010,EINKBELEG,0072091225,0055164836,2018-09-24T00:00:00,1970-01-01T14:33:59,ME23N
010,EINKBELEG,0072091225,0056005268,2018-11-22T00:00:00,1970-01-01T12:23:49,ME23N
010,EINKBELEG,0072091225,0056060053,2018-11-27T00:00:00,1970-01-01T16:41:48,ME23N
010,EINKBELEG,0072096566,0057218349,2019-02-27T00:00:00,1970-01-01T13:28:10,ME23N
010,EINKBELEG,0072096566,0057218626,2019-02-27T00:00:00,1970-01-01T13:41:13,ME23N
010,EINKBELEG,0072096566,0057252157,2019-02-28T00:00:00,1970-01-01T13:00:14,ME23N
010,EINKBELEG,0072096566,0057271540,2019-03-01T00:00:00,1970-01-01T08:08:24,ME23N
010,EINKBELEG,0072095124,0059307027,2019-05-29T00:00:00,1970-01-01T08:15:07,ME21N
010,EINKBELEG,0072095124,0059307030,2019-05-29T00:00:00,1970-01-01T08:15:45,ME21N
010,EINKBELEG,0072095124,0061753325,2019-11-29T00:00:00,1970-01-01T08:31:19,ME23N
010,EINKBELEG,0072096696,0061505581,2019-11-06T00:00:00,1970-01-01T11:54:55,ME22N
010,EINKBELEG,0072096696,0067608363,2020-11-05T00:00:00,1970-01-01T08:18:56,ME23N
010,EINKBELEG,0072096696,0068407635,2021-01-06T00:00:00,1970-01-01T15:45:46,ME22N
010,EINKBELEG,0072096696,0068481007,2021-01-12T00:00:00,1970-01-01T11:01:47,ME22N
010,EINKBELEG,0072096700,0060621888,2019-08-27T00:00:00,1970-01-01T15:27:56,ME29N
010,EINKBELEG,0072096700,0060621942,2019-08-27T00:00:00,1970-01-01T15:29:09,ME29N
010,EINKBELEG,0072096700,0060986878,2019-09-25T00:00:00,1970-01-01T07:03:36,ME23N
010,EINKBELEG,0072096700,0061113576,2019-10-07T00:00:00,1970-01-01T07:01:08,ME23N
010,EINKBELEG,0072097266,0062954454,2020-01-10T00:00:00,1970-01-01T16:37:16,ME23N
010,EINKBELEG,0072097266,0063916420,2020-03-03T00:00:00,1970-01-01T07:52:26,ME23N
010,EINKBELEG,0072097266,0063930109,2020-03-03T00:00:00,1970-01-01T13:50:53,ME23N
010,EINKBELEG,0072097266,0063943662,2020-03-04T00:00:00,1970-01-01T06:33:53,ME23N
010,EINKBELEG,0072097762,0061686829,2019-11-21T00:00:00,1970-01-01T06:55:31,ME23N
010,EINKBELEG,0072097762,0062560262,2019-12-12T00:00:00,1970-01-01T07:25:05,ME23N
010,EINKBELEG,0072097762,0062681359,2019-12-17T00:00:00,1970-01-01T13:12:39,ME23N
010,EINKBELEG,0072097762,0062681374,2019-12-17T00:00:00,1970-01-01T13:08:53,ME23N
010,EINKBELEG,0072097762,0062681806,2019-12-17T00:00:00,1970-01-01T13:29:30,ME23N
010,EINKBELEG,0072097762,0062681888,2019-12-17T00:00:00,1970-01-01T13:35:33,ME23N
010,EINKBELEG,0072099600,0062751403,2019-12-20T00:00:00,1970-01-01T08:17:26,ME23N
010,EINKBELEG,0072099600,0063100313,2020-01-24T00:00:00,1970-01-01T08:32:31,ME23N
010,EINKBELEG,0072099600,0063100349,2020-01-24T00:00:00,1970-01-01T08:28:44,ME23N
010,EINKBELEG,0072099600,0063100426,2020-01-24T00:00:00,1970-01-01T08:33:40,ME23N
010,EINKBELEG,0072099600,0063112812,2020-01-27T00:00:00,1970-01-01T09:52:49,ME23N
010,EINKBELEG,0072099662,0063544499,2020-02-13T00:00:00,1970-01-01T08:43:16,ME23N
010,EINKBELEG,0072099662,0063544593,2020-02-13T00:00:00,1970-01-01T08:48:47,ME23N
010,EINKBELEG,0072099662,0063544639,2020-02-13T00:00:00,1970-01-01T08:51:16,ME23N
010,EINKBELEG,0072099662,0063544648,2020-02-13T00:00:00,1970-01-01T08:50:42,ME23N
010,EINKBELEG,0072099662,0063544655,2020-02-13T00:00:00,1970-01-01T08:52:21,ME23N
010,EINKBELEG,0072099662,0063544679,2020-02-13T00:00:00,1970-01-01T08:52:52,ME23N
010,EINKBELEG,0072099662,0063544689,2020-02-13T00:00:00,1970-01-01T08:53:20,ME23N
010,EINKBELEG,0072099662,0063544697,2020-02-13T00:00:00,1970-01-01T08:53:40,ME23N
010,EINKBELEG,0072099662,0063544703,2020-02-13T00:00:00,1970-01-01T08:57:14,ME23N
010,EINKBELEG,0072099662,0063544734,2020-02-13T00:00:00,1970-01-01T08:56:59,ME23N
010,EINKBELEG,0072099662,0063547856,2020-02-13T00:00:00,1970-01-01T11:12:32,ME23N
010,EINKBELEG,0072099662,0063547884,2020-02-13T00:00:00,1970-01-01T11:14:31,ME23N
010,EINKBELEG,0072099662,0063645568,2020-02-19T00:00:00,1970-01-01T06:37:54,ME23N
010,EINKBELEG,0072099946,0065989274,2020-07-16T00:00:00,1970-01-01T11:37:14,ME22N
010,EINKBELEG,0072099946,0065997954,2020-07-17T00:00:00,1970-01-01T06:58:12,ME22N
010,EINKBELEG,0072099946,0066004705,2020-07-17T00:00:00,1970-01-01T12:35:24,ME22N
010,EINKBELEG,0072099979,0064092038,2020-03-13T00:00:00,1970-01-01T08:57:36,ME23N
010,EINKBELEG,0072099979,0064127302,2020-03-17T00:00:00,1970-01-01T08:24:50,ME23N
010,EINKBELEG,0072099979,0064127466,2020-03-17T00:00:00,1970-01-01T08:36:15,ME23N
010,EINKBELEG,0072102549,0066456821,2020-08-21T00:00:00,1970-01-01T13:05:06,ME22N
010,EINKBELEG,0072102549,0066456863,2020-08-21T00:00:00,1970-01-01T13:03:30,ME22N
010,EINKBELEG,0072102549,0067428689,2020-10-26T00:00:00,1970-01-01T09:27:40,ME22N
010,EINKBELEG,0072106155,0067519118,2020-10-30T00:00:00,1970-01-01T12:19:20,ME23N
010,EINKBELEG,0072106155,0067545831,2020-11-02T00:00:00,1970-01-01T15:07:18,ME23N
010,EINKBELEG,0072106155,0068661194,2021-01-25T00:00:00,1970-01-01T15:28:55,ME23N
010,EINKBELEG,0072106155,0068665974,2021-01-26T00:00:00,1970-01-01T08:56:16,ME23N
010,EINKBELEG,0072104999,0068652619,2021-01-25T00:00:00,1970-01-01T06:19:44,ME22N
010,EINKBELEG,0072104999,0068652634,2021-01-25T00:00:00,1970-01-01T06:22:08,ME22N
010,EINKBELEG,0072104999,0071373192,2021-08-30T00:00:00,1970-01-01T04:31:19,ME22N
010,EINKBELEG,0072104922,0068590196,2021-01-19T00:00:00,1970-01-01T15:10:24,ME23N
010,EINKBELEG,0072104922,0068590204,2021-01-19T00:00:00,1970-01-01T15:09:37,ME23N
010,EINKBELEG,0072104922,0068590211,2021-01-19T00:00:00,1970-01-01T15:11:03,ME23N
010,EINKBELEG,0072104922,0068610435,2021-01-21T00:00:00,1970-01-01T08:55:04,ME23N
010,EINKBELEG,0072104922,0068737365,2021-02-01T00:00:00,1970-01-01T08:35:31,ME23N
010,EINKBELEG,0072104922,0070704771,2021-06-28T00:00:00,1970-01-01T16:05:54,ME23N
010,EINKBELEG,0072104922,0070906487,2021-07-14T00:00:00,1970-01-01T15:16:35,ME23N
010,EINKBELEG,0072104922,0070906516,2021-07-14T00:00:00,1970-01-01T15:20:02,ME23N
010,EINKBELEG,0072105516,0069394968,2021-03-22T00:00:00,1970-01-01T14:43:34,ME23N
010,EINKBELEG,0072105516,0069417314,2021-03-24T00:00:00,1970-01-01T07:10:09,ME23N
010,EINKBELEG,0072105516,0069417318,2021-03-24T00:00:00,1970-01-01T07:12:23,ME23N
010,EINKBELEG,0072106526,0069547231,2021-04-06T00:00:00,1970-01-01T13:30:08,ME23N
010,EINKBELEG,0072106526,0069627079,2021-04-09T00:00:00,1970-01-01T11:36:16,ME23N
010,EINKBELEG,0072106526,0069713260,2021-04-16T00:00:00,1970-01-01T07:31:43,ME23N
010,EINKBELEG,0072106610,0069746069,2021-04-20T00:00:00,1970-01-01T05:59:39,ME22N
010,EINKBELEG,0072106610,0069746150,2021-04-20T00:00:00,1970-01-01T06:19:52,ME22N
010,EINKBELEG,0072106610,0069811987,2021-04-23T00:00:00,1970-01-01T10:48:11,ME22N
010,EINKBELEG,0072107112,0070026368,2021-05-07T00:00:00,1970-01-01T08:07:57,ME29N
010,EINKBELEG,0072107112,0070210867,2021-05-20T00:00:00,1970-01-01T07:27:13,ME23N
010,EINKBELEG,0072107112,0070210879,2021-05-20T00:00:00,1970-01-01T07:27:53,ME23N
010,EINKBELEG,0072107112,0070337063,2021-05-28T00:00:00,1970-01-01T10:05:01,ME23N
010,EINKBELEG,0072107112,0072857165,2021-12-21T00:00:00,1970-01-01T11:56:49,ME22N
010,EINKBELEG,0072107112,0072857568,2021-12-21T00:00:00,1970-01-01T12:21:32,ME23N
010,EINKBELEG,0072107164,0071840620,2021-10-07T00:00:00,1970-01-01T15:53:03,ME23N
010,EINKBELEG,0072107164,0072315222,2021-11-11T00:00:00,1970-01-01T14:44:20,ME23N
010,EINKBELEG,0072107164,0072358856,2021-11-16T00:00:00,1970-01-01T05:44:37,ME22N
010,EINKBELEG,0072107164,0072382765,2021-11-17T00:00:00,1970-01-01T13:53:14,ME23N
010,EINKBELEG,0072107725,0072617142,2021-12-03T00:00:00,1970-01-01T10:40:58,ME22N
010,EINKBELEG,0072107725,0072631737,2021-12-06T00:00:00,1970-01-01T07:47:12,ME22N
010,EINKBELEG,0072107725,0072700420,2021-12-09T00:00:00,1970-01-01T09:33:38,ME23N
010,EINKBELEG,0072109794,0071254179,2021-08-16T00:00:00,1970-01-01T17:28:49,ME22N
010,EINKBELEG,0072109794,0071260408,2021-08-17T00:00:00,1970-01-01T11:00:52,ME22N
010,EINKBELEG,0072109794,0071260418,2021-08-17T00:00:00,1970-01-01T11:01:43,ME22N
010,EINKBELEG,0072111061,0072798425,2021-12-15T00:00:00,1970-01-01T15:09:53,ME22N
010,EINKBELEG,0072111061,0073542052,2022-02-09T00:00:00,1970-01-01T13:33:46,ME22N
010,EINKBELEG,0072111061,0074977130,2022-06-01T00:00:00,1970-01-01T06:45:10,ME22N
010,EINKBELEG,0072111061,0074991706,2022-06-02T00:00:00,1970-01-01T06:27:31,ME22N
010,EINKBELEG,0072112916,0074165749,2022-03-23T00:00:00,1970-01-01T15:13:26,ME23N
010,EINKBELEG,0076054101,0054289308,2018-07-06T00:00:00,1970-01-01T12:39:24,ME29N
010,EINKBELEG,0076054101,0054289319,2018-07-06T00:00:00,1970-01-01T12:38:22,ME23N
010,EINKBELEG,0076054101,0054289327,2018-07-06T00:00:00,1970-01-01T12:38:41,ME23N
010,EINKBELEG,0076054796,0055176094,2018-09-25T00:00:00,1970-01-01T09:41:47,ME29N
010,EINKBELEG,0076054796,0055387470,2018-10-09T00:00:00,1970-01-01T11:58:13,ME22N
010,EINKBELEG,0076054796,0055437052,2018-10-12T00:00:00,1970-01-01T06:42:46,ME22N
010,EINKBELEG,0076054796,0055437071,2018-10-12T00:00:00,1970-01-01T06:42:23,ME22N
010,EINKBELEG,0076061977,0067214723,2020-10-07T00:00:00,1970-01-01T10:43:49,ME23N
010,EINKBELEG,0076061977,0067214778,2020-10-07T00:00:00,1970-01-01T10:45:27,ME23N
010,EINKBELEG,0076061977,0067255861,2020-10-12T00:00:00,1970-01-01T07:10:39,ME23N
010,EINKBELEG,0076066421,0070971899,2021-07-22T00:00:00,1970-01-01T06:53:39,ME23N
010,EINKBELEG,0076066421,0070971924,2021-07-22T00:00:00,1970-01-01T06:53:13,ME23N
010,EINKBELEG,0076066421,0070971938,2021-07-22T00:00:00,1970-01-01T06:54:08,ME29N
010,EINKBELEG,0076065690,0073132429,2022-01-07T00:00:00,1970-01-01T11:58:06,ME23N
010,EINKBELEG,0076065690,0073175634,2022-01-11T00:00:00,1970-01-01T14:52:58,ME23N
010,EINKBELEG,0076065690,0073317289,2022-01-24T00:00:00,1970-01-01T12:04:46,ME23N
010,EINKBELEG,0076065960,0073289836,2022-01-21T00:00:00,1970-01-01T10:43:52,ME22N
010,EINKBELEG,0076065960,0073293834,2022-01-21T00:00:00,1970-01-01T10:59:23,ME23N
010,EINKBELEG,0076065960,0073295764,2022-01-21T00:00:00,1970-01-01T11:04:59,ME22N
010,EINKBELEG,0076065960,0073295765,2022-01-21T00:00:00,1970-01-01T11:05:27,ME22N
010,EINKBELEG,0076065960,0073755490,2022-02-24T00:00:00,1970-01-01T12:39:16,ME22N
010,EINKBELEG,4700001219,0056479321,2019-01-09T00:00:00,1970-01-01T09:45:38,ME22N
010,EINKBELEG,4700001219,0063531959,2020-02-12T00:00:00,1970-01-01T11:44:52,ME23N
010,EINKBELEG,4700001219,0066621216,2020-09-02T00:00:00,1970-01-01T11:40:07,ME23N
010,EINKBELEG,4700001219,0066621409,2020-09-02T00:00:00,1970-01-01T11:45:43,ME22N
010,EINKBELEG,4700001219,0066621415,2020-09-02T00:00:00,1970-01-01T11:45:17,ME22N
010,EINKBELEG,4700001641,0052831190,2018-04-10T00:00:00,1970-01-01T14:13:21,ME23N
010,EINKBELEG,4700001641,0060144376,2019-07-22T00:00:00,1970-01-01T11:21:10,ME23N
010,EINKBELEG,4700001641,0063100359,2020-01-24T00:00:00,1970-01-01T08:31:47,ME23N
010,EINKBELEG,4700001641,0067256242,2020-10-12T00:00:00,1970-01-01T08:03:49,ME23N
010,EINKBELEG,4700001641,0071217183,2021-08-12T00:00:00,1970-01-01T13:17:23,ME23N
010,EINKBELEG,4700001641,0072387228,2021-11-17T00:00:00,1970-01-01T16:12:29,ME23N
010,EINKBELEG,4700001641,0074828089,2022-05-18T00:00:00,1970-01-01T07:31:12,ME23N
010,EINKBELEG,0071165679,0077190358,2022-12-20T00:00:00,1970-01-01T12:02:11,ME23N
010,EINKBELEG,0072115994,0076038643,2022-09-09T00:00:00,1970-01-01T13:35:29,ME22N
010,EINKBELEG,0072115994,0076194749,2022-09-23T00:00:00,1970-01-01T16:15:02,ME22N
010,EINKBELEG,0072115994,0076290648,2022-10-04T00:00:00,1970-01-01T14:04:22,ME22N
010,EINKBELEG,0072117195,0076844958,2022-11-24T00:00:00,1970-01-01T13:32:23,ME23N
010,EINKBELEG,0072117195,0076845519,2022-11-24T00:00:00,1970-01-01T14:18:31,ME23N
010,EINKBELEG,0072117195,0077100789,2022-12-13T00:00:00,1970-01-01T07:50:39,ME23N
010,EINKBELEG,0071154204,0052319930,2018-02-23T00:00:00,1970-01-01T08:46:01,ME23N
010,EINKBELEG,0071154204,0052319937,2018-02-23T00:00:00,1970-01-01T08:46:47,ME23N
010,EINKBELEG,0071154204,0052320113,2018-02-23T00:00:00,1970-01-01T08:57:46,ME23N
010,EINKBELEG,0071154204,0052320141,2018-02-23T00:00:00,1970-01-01T09:02:47,ME23N
010,EINKBELEG,0071154204,0052320143,2018-02-23T00:00:00,1970-01-01T09:03:49,ME23N
010,EINKBELEG,0071154204,0052320235,2018-02-23T00:00:00,1970-01-01T09:12:41,ME23N
010,EINKBELEG,0071154204,0052321110,2018-02-23T00:00:00,1970-01-01T10:03:02,ME23N
010,EINKBELEG,0071154204,0052321202,2018-02-23T00:00:00,1970-01-01T10:11:51,ME23N
010,EINKBELEG,0071154204,0052321488,2018-02-23T00:00:00,1970-01-01T10:29:14,ME23N
010,EINKBELEG,0071154204,0057744250,2019-04-02T00:00:00,1970-01-01T14:25:18,ME22N
010,EINKBELEG,0071154204,0061712907,2019-11-22T00:00:00,1970-01-01T14:16:13,ME23N
010,EINKBELEG,0071155605,0054672549,2018-08-10T00:00:00,1970-01-01T13:05:10,ME22N
010,EINKBELEG,0071155605,0054672904,2018-08-10T00:00:00,1970-01-01T13:39:16,ME22N
010,EINKBELEG,0071155605,0054690615,2018-08-13T00:00:00,1970-01-01T14:55:45,ME23N
010,EINKBELEG,0071155605,0068461481,2021-01-11T00:00:00,1970-01-01T12:06:58,ME23N
010,EINKBELEG,0071156996,0056261076,2018-12-13T00:00:00,1970-01-01T13:54:21,ME23N
010,EINKBELEG,0071156996,0056405456,2019-01-03T00:00:00,1970-01-01T08:54:36,ME23N
010,EINKBELEG,0071156996,0056423213,2019-01-04T00:00:00,1970-01-01T08:01:07,ME23N
010,EINKBELEG,0072097969,0052126249,2018-02-05T00:00:00,1970-01-01T10:35:37,ME23N
010,EINKBELEG,0072097969,0052126271,2018-02-05T00:00:00,1970-01-01T10:35:54,ME23N
010,EINKBELEG,0072097969,0052127853,2018-02-05T00:00:00,1970-01-01T10:46:51,ME23N
010,EINKBELEG,0072097969,0052128438,2018-02-05T00:00:00,1970-01-01T10:48:50,ME23N
010,EINKBELEG,0072097969,0052128718,2018-02-05T00:00:00,1970-01-01T10:50:10,ME23N
010,EINKBELEG,0072097969,0052128833,2018-02-05T00:00:00,1970-01-01T10:52:48,ME23N
010,EINKBELEG,0072097969,0052129464,2018-02-05T00:00:00,1970-01-01T11:25:32,ME23N
010,EINKBELEG,0072097969,0052129518,2018-02-05T00:00:00,1970-01-01T11:27:20,ME23N
010,EINKBELEG,0072097969,0052129521,2018-02-05T00:00:00,1970-01-01T11:28:19,ME23N
010,EINKBELEG,0072097969,0052129572,2018-02-05T00:00:00,1970-01-01T11:31:47,ME23N
010,EINKBELEG,0072097969,0052129601,2018-02-05T00:00:00,1970-01-01T11:34:10,ME23N
010,EINKBELEG,0072097969,0052129682,2018-02-05T00:00:00,1970-01-01T11:37:29,ME23N
010,EINKBELEG,0072097969,0052129696,2018-02-05T00:00:00,1970-01-01T11:38:52,ME23N
010,EINKBELEG,0072097969,0052129712,2018-02-05T00:00:00,1970-01-01T11:37:02,ME23N
010,EINKBELEG,0072097969,0052129752,2018-02-05T00:00:00,1970-01-01T11:40:08,ME23N
010,EINKBELEG,0072097969,0052129769,2018-02-05T00:00:00,1970-01-01T11:41:06,ME23N
010,EINKBELEG,0072097969,0056493899,2019-01-10T00:00:00,1970-01-01T08:52:36,ME22N
010,EINKBELEG,0072099461,0054728482,2018-08-16T00:00:00,1970-01-01T09:08:55,ME23N
010,EINKBELEG,0072099461,0057432802,2019-03-12T00:00:00,1970-01-01T07:02:04,ME23N
010,EINKBELEG,0072099461,0057432836,2019-03-12T00:00:00,1970-01-01T07:01:08,ME23N
010,EINKBELEG,0072099461,0061709655,2019-11-22T00:00:00,1970-01-01T09:32:48,ME23N
010,EINKBELEG,0072099461,0065792135,2020-07-01T00:00:00,1970-01-01T07:33:27,ME23N
010,EINKBELEG,0072099492,0056111167,2018-12-03T00:00:00,1970-01-01T12:36:11,ME23N
010,EINKBELEG,0072099492,0056208319,2018-12-10T00:00:00,1970-01-01T11:44:49,ME23N
010,EINKBELEG,0072099492,0056208354,2018-12-10T00:00:00,1970-01-01T11:45:05,ME23N
010,EINKBELEG,0072099492,0062914142,2020-01-08T00:00:00,1970-01-01T18:06:28,ME23N
010,EINKBELEG,0072099492,0063048764,2020-01-20T00:00:00,1970-01-01T15:07:01,ME23N
010,EINKBELEG,0072099504,0055383799,2018-10-09T00:00:00,1970-01-01T08:41:35,ME23N
010,EINKBELEG,0072099504,0055383959,2018-10-09T00:00:00,1970-01-01T08:42:30,ME23N
010,EINKBELEG,0072099504,0055384033,2018-10-09T00:00:00,1970-01-01T08:42:53,ME23N
010,EINKBELEG,0072099504,0065260176,2020-05-27T00:00:00,1970-01-01T08:50:01,ME23N
010,EINKBELEG,0072099999,0054247932,2018-07-04T00:00:00,1970-01-01T14:31:24,ME23N
010,EINKBELEG,0072099999,0054247972,2018-07-04T00:00:00,1970-01-01T14:32:22,ME23N
010,EINKBELEG,0072099999,0054248036,2018-07-04T00:00:00,1970-01-01T14:33:15,ME23N
010,EINKBELEG,0072099999,0054248039,2018-07-04T00:00:00,1970-01-01T14:34:24,ME23N
010,EINKBELEG,0072099999,0054248044,2018-07-04T00:00:00,1970-01-01T14:33:59,ME23N
010,EINKBELEG,0072090090,0054864729,2018-08-29T00:00:00,1970-01-01T16:32:26,ME23N
010,EINKBELEG,0072090090,0055091270,2018-09-18T00:00:00,1970-01-01T09:37:28,ME23N
010,EINKBELEG,0072090090,0056327040,2018-12-19T00:00:00,1970-01-01T12:23:52,ME22N
010,EINKBELEG,0072090090,0056327068,2018-12-19T00:00:00,1970-01-01T12:24:51,ME22N
010,EINKBELEG,0072090090,0056392203,2019-01-02T00:00:00,1970-01-01T11:39:43,ME22N
010,EINKBELEG,0072090090,0056392290,2019-01-02T00:00:00,1970-01-01T11:40:31,ME22N
010,EINKBELEG,0072090090,0056492081,2019-01-10T00:00:00,1970-01-01T06:30:28,ME22N
010,EINKBELEG,0072090090,0056492088,2019-01-10T00:00:00,1970-01-01T06:31:24,ME22N
010,EINKBELEG,0072090090,0056525408,2019-01-11T00:00:00,1970-01-01T14:15:05,ME22N
010,EINKBELEG,0072090090,0056525429,2019-01-11T00:00:00,1970-01-01T14:16:26,ME22N
010,EINKBELEG,0072090090,0056526060,2019-01-11T00:00:00,1970-01-01T15:18:28,ME23N
010,EINKBELEG,0072090090,0056526114,2019-01-11T00:00:00,1970-01-01T15:17:56,ME23N
010,EINKBELEG,0072090090,0056532205,2019-01-12T00:00:00,1970-01-01T10:41:01,ME22N
010,EINKBELEG,0072090090,0056532212,2019-01-12T00:00:00,1970-01-01T10:41:55,ME22N
010,EINKBELEG,0072090090,0056532856,2019-01-12T00:00:00,1970-01-01T15:17:50,ME22N
010,EINKBELEG,0072090090,0056532857,2019-01-12T00:00:00,1970-01-01T15:19:00,ME22N
010,EINKBELEG,0072090090,0056532887,2019-01-12T00:00:00,1970-01-01T16:08:55,ME22N
010,EINKBELEG,0072090090,0056532905,2019-01-12T00:00:00,1970-01-01T16:08:31,ME22N
010,EINKBELEG,0072090090,0056539394,2019-01-14T00:00:00,1970-01-01T09:47:33,ME23N
010,EINKBELEG,0072090090,0057181155,2019-02-25T00:00:00,1970-01-01T11:18:59,ME23N
010,EINKBELEG,0072091166,0055103441,2018-09-19T00:00:00,1970-01-01T08:30:00,ME23N
010,EINKBELEG,0072091166,0055103735,2018-09-19T00:00:00,1970-01-01T08:34:10,ME23N
010,EINKBELEG,0072091166,0055104637,2018-09-19T00:00:00,1970-01-01T09:09:20,ME23N
010,EINKBELEG,0072091161,0055122381,2018-09-20T00:00:00,1970-01-01T11:09:00,ME23N
010,EINKBELEG,0072091161,0055152193,2018-09-24T00:00:00,1970-01-01T08:00:51,ME23N
010,EINKBELEG,0072091161,0055171868,2018-09-25T00:00:00,1970-01-01T08:07:49,ME23N
010,EINKBELEG,0072091161,0059415300,2019-06-04T00:00:00,1970-01-01T12:56:07,ME23N
010,EINKBELEG,0072091609,0066767292,2020-09-11T00:00:00,1970-01-01T14:27:30,ME22N
010,EINKBELEG,0072091625,0055528862,2018-10-18T00:00:00,1970-01-01T13:18:54,ME23N
010,EINKBELEG,0072091625,0056484929,2019-01-09T00:00:00,1970-01-01T14:19:55,ME23N
010,EINKBELEG,0072091625,0060321913,2019-08-05T00:00:00,1970-01-01T12:03:22,ME23N
010,EINKBELEG,0072096959,0057914419,2019-04-10T00:00:00,1970-01-01T07:41:44,ME22N
010,EINKBELEG,0072096959,0057914436,2019-04-10T00:00:00,1970-01-01T07:42:13,ME22N
010,EINKBELEG,0072096959,0057914445,2019-04-10T00:00:00,1970-01-01T07:40:57,ME22N
010,EINKBELEG,0072096959,0057914455,2019-04-10T00:00:00,1970-01-01T07:41:21,ME22N
010,EINKBELEG,0072096959,0057914509,2019-04-10T00:00:00,1970-01-01T07:43:14,ME23N
010,EINKBELEG,0072096959,0059032234,2019-05-17T00:00:00,1970-01-01T08:08:56,ME23N
010,EINKBELEG,0072096959,0059154003,2019-05-23T00:00:00,1970-01-01T06:57:42,ME23N
010,EINKBELEG,0072094496,0058348377,2019-04-29T00:00:00,1970-01-01T08:18:32,ME23N
010,EINKBELEG,0072094496,0058367324,2019-04-29T00:00:00,1970-01-01T15:08:42,ME23N
010,EINKBELEG,0072094496,0058368394,2019-04-29T00:00:00,1970-01-01T15:19:12,ME23N
010,EINKBELEG,0072094496,0058369194,2019-04-29T00:00:00,1970-01-01T15:23:17,ME23N
010,EINKBELEG,0072097069,0064217415,2020-03-24T00:00:00,1970-01-01T15:13:31,ME23N
010,EINKBELEG,0072097069,0064343740,2020-03-31T00:00:00,1970-01-01T07:26:59,ME23N
010,EINKBELEG,0072097646,0065596654,2020-06-18T00:00:00,1970-01-01T15:58:41,ME22N
010,EINKBELEG,0072097646,0067618786,2020-11-05T00:00:00,1970-01-01T16:56:55,ME22N
010,EINKBELEG,0072097646,0067780288,2020-11-16T00:00:00,1970-01-01T17:56:11,ME22N
010,EINKBELEG,0072097646,0067854544,2020-11-23T00:00:00,1970-01-01T18:44:22,ME22N
010,EINKBELEG,0072097679,0063056837,2020-01-21T00:00:00,1970-01-01T10:05:37,ME23N
010,EINKBELEG,0072097679,0063058748,2020-01-21T00:00:00,1970-01-01T11:39:58,ME23N
010,EINKBELEG,0072097679,0063176124,2020-01-30T00:00:00,1970-01-01T11:54:38,ME23N
010,EINKBELEG,0072097679,0068518778,2021-01-13T00:00:00,1970-01-01T17:05:29,ME23N
010,EINKBELEG,0072099214,0063568877,2020-02-14T00:00:00,1970-01-01T09:15:07,ME23N
010,EINKBELEG,0072099214,0063835063,2020-02-27T00:00:00,1970-01-01T13:18:41,ME23N
010,EINKBELEG,0072099214,0063870611,2020-02-29T00:00:00,1970-01-01T09:39:11,ME23N
010,EINKBELEG,0072099214,0072811871,2021-12-16T00:00:00,1970-01-01T12:40:18,ME23N
010,EINKBELEG,0072099745,0065127047,2020-05-14T00:00:00,1970-01-01T16:09:57,ME23N
010,EINKBELEG,0072099745,0066013532,2020-07-20T00:00:00,1970-01-01T08:37:25,ME23N
010,EINKBELEG,0072099745,0066022694,2020-07-20T00:00:00,1970-01-01T14:57:42,ME23N
010,EINKBELEG,0072099745,0066022857,2020-07-20T00:00:00,1970-01-01T15:05:54,ME23N
010,EINKBELEG,0072099760,0065707317,2020-06-25T00:00:00,1970-01-01T17:52:41,ME22N
010,EINKBELEG,0072099760,0065745304,2020-06-26T00:00:00,1970-01-01T15:05:22,ME23N
010,EINKBELEG,0072099760,0065748856,2020-06-28T00:00:00,1970-01-01T12:07:04,ME22N
010,EINKBELEG,0072099760,0065834578,2020-07-03T00:00:00,1970-01-01T10:55:31,ME22N
010,EINKBELEG,0072099760,0065835571,2020-07-03T00:00:00,1970-01-01T11:46:08,ME22N
010,EINKBELEG,0072099760,0065884256,2020-07-08T00:00:00,1970-01-01T07:57:15,ME23N
010,EINKBELEG,0072099794,0067315953,2020-10-15T00:00:00,1970-01-01T22:27:19,ME23N
010,EINKBELEG,0072099794,0067664189,2020-11-09T00:00:00,1970-01-01T16:27:45,ME23N
010,EINKBELEG,0072099794,0068398963,2021-01-06T00:00:00,1970-01-01T11:10:45,ME23N
010,EINKBELEG,0072099794,0068399054,2021-01-06T00:00:00,1970-01-01T11:12:08,ME23N
010,EINKBELEG,0072099794,0068408349,2021-01-06T00:00:00,1970-01-01T16:37:29,ME23N
010,EINKBELEG,0072099794,0068409357,2021-01-06T00:00:00,1970-01-01T20:59:34,ME23N
010,EINKBELEG,0072099794,0068456671,2021-01-11T00:00:00,1970-01-01T09:23:19,ME23N
010,EINKBELEG,0072099794,0068462339,2021-01-11T00:00:00,1970-01-01T12:51:07,ME23N
010,EINKBELEG,0072100264,0064892832,2020-04-28T00:00:00,1970-01-01T08:26:27,ME23N
010,EINKBELEG,0072100264,0064910040,2020-04-29T00:00:00,1970-01-01T07:25:36,ME23N
010,EINKBELEG,0072100264,0065193557,2020-05-19T00:00:00,1970-01-01T17:13:02,ME23N
010,EINKBELEG,0072100264,0065244748,2020-05-26T00:00:00,1970-01-01T07:11:19,ME23N
010,EINKBELEG,0072100264,0065359170,2020-06-02T00:00:00,1970-01-01T07:07:51,ME23N
010,EINKBELEG,0072100299,0065921239,2020-07-10T00:00:00,1970-01-01T09:36:36,ME23N
010,EINKBELEG,0072100299,0066303133,2020-08-13T00:00:00,1970-01-01T09:00:11,ME23N
010,EINKBELEG,0072100299,0066395911,2020-08-17T00:00:00,1970-01-01T13:03:35,ME23N
010,EINKBELEG,0072100290,0064549074,2020-04-06T00:00:00,1970-01-01T08:54:14,ME23N
010,EINKBELEG,0072100290,0064892826,2020-04-28T00:00:00,1970-01-01T08:16:34,ME23N
010,EINKBELEG,0072100290,0064924523,2020-04-29T00:00:00,1970-01-01T15:20:31,ME23N
010,EINKBELEG,0072100779,0064968696,2020-05-04T00:00:00,1970-01-01T18:11:28,ME22N
010,EINKBELEG,0072100779,0065247097,2020-05-26T00:00:00,1970-01-01T09:31:36,ME22N
010,EINKBELEG,0072100779,0065247182,2020-05-26T00:00:00,1970-01-01T09:35:53,ME22N
010,EINKBELEG,0072100779,0067342444,2020-10-19T00:00:00,1970-01-01T16:00:36,ME23N
010,EINKBELEG,0072100902,0065055649,2020-05-08T00:00:00,1970-01-01T13:17:55,ME23N
010,EINKBELEG,0072100902,0066457626,2020-08-21T00:00:00,1970-01-01T13:36:35,ME23N
010,EINKBELEG,0072100902,0066634591,2020-09-03T00:00:00,1970-01-01T09:24:25,ME23N
010,EINKBELEG,0072100909,0065109097,2020-05-13T00:00:00,1970-01-01T11:54:14,ME22N
010,EINKBELEG,0072100909,0065116121,2020-05-14T00:00:00,1970-01-01T07:24:47,ME22N
010,EINKBELEG,0072100909,0065127056,2020-05-14T00:00:00,1970-01-01T16:12:27,ME22N
010,EINKBELEG,0072105911,0069457316,2021-03-26T00:00:00,1970-01-01T12:11:46,ME23N
010,EINKBELEG,0072105911,0069457659,2021-03-26T00:00:00,1970-01-01T12:36:05,ME23N
010,EINKBELEG,0072105911,0069500130,2021-03-30T00:00:00,1970-01-01T14:27:15,ME23N
010,EINKBELEG,0072106469,0069500922,2021-03-30T00:00:00,1970-01-01T14:56:24,ME23N
010,EINKBELEG,0072106469,0069500945,2021-03-30T00:00:00,1970-01-01T14:58:53,ME23N
010,EINKBELEG,0072106469,0069693599,2021-04-15T00:00:00,1970-01-01T07:23:41,ME23N
010,EINKBELEG,0072106469,0069693666,2021-04-15T00:00:00,1970-01-01T07:26:34,ME23N
010,EINKBELEG,0072106469,0069693783,2021-04-15T00:00:00,1970-01-01T07:31:52,ME23N
010,EINKBELEG,0072106469,0069693831,2021-04-15T00:00:00,1970-01-01T07:33:26,ME23N
010,EINKBELEG,0072106469,0069693853,2021-04-15T00:00:00,1970-01-01T07:36:43,ME23N
010,EINKBELEG,0072106469,0069693914,2021-04-15T00:00:00,1970-01-01T07:37:13,ME23N
010,EINKBELEG,0072106469,0069694005,2021-04-15T00:00:00,1970-01-01T07:38:21,ME23N
010,EINKBELEG,0072107077,0069996288,2021-05-05T00:00:00,1970-01-01T08:19:30,ME21N
010,EINKBELEG,0072107077,0069996297,2021-05-05T00:00:00,1970-01-01T08:20:41,ME22N
010,EINKBELEG,0072107077,0070638623,2021-06-22T00:00:00,1970-01-01T09:02:32,ME23N
010,EINKBELEG,0072107615,0070480158,2021-06-09T00:00:00,1970-01-01T06:57:02,ME29N
010,EINKBELEG,0072107615,0070566290,2021-06-15T00:00:00,1970-01-01T14:39:40,ME22N
010,EINKBELEG,0072107615,0070768491,2021-07-01T00:00:00,1970-01-01T15:58:09,ME22N
010,EINKBELEG,0072107615,0070780762,2021-07-02T00:00:00,1970-01-01T11:52:25,ME23N
010,EINKBELEG,0072109202,0072810179,2021-12-16T00:00:00,1970-01-01T11:08:29,ME23N
010,EINKBELEG,0072109202,0075343498,2022-07-06T00:00:00,1970-01-01T13:13:15,ME23N
010,EINKBELEG,0072110966,0072617843,2021-12-03T00:00:00,1970-01-01T11:08:58,ME22N
010,EINKBELEG,0072110966,0072619658,2021-12-03T00:00:00,1970-01-01T12:26:37,ME22N
010,EINKBELEG,0072110966,0072622262,2021-12-03T00:00:00,1970-01-01T14:52:14,ME22N
010,EINKBELEG,0072110966,0072622282,2021-12-03T00:00:00,1970-01-01T14:56:19,ME22N
010,EINKBELEG,0072110966,0075870356,2022-08-29T00:00:00,1970-01-01T08:35:48,ME23N
010,EINKBELEG,0072111566,0073397647,2022-01-31T00:00:00,1970-01-01T08:35:18,ME23N
010,EINKBELEG,0072111566,0074561242,2022-04-25T00:00:00,1970-01-01T08:57:34,ME29N
010,EINKBELEG,0072111566,0074561462,2022-04-25T00:00:00,1970-01-01T09:12:31,ME29N
010,EINKBELEG,0072111566,0074561520,2022-04-25T00:00:00,1970-01-01T09:14:21,ME29N
010,EINKBELEG,0072111566,0074573889,2022-04-25T00:00:00,1970-01-01T12:38:23,ME29N
010,EINKBELEG,0072112746,0074039262,2022-03-14T00:00:00,1970-01-01T15:15:15,ME23N
010,EINKBELEG,0072112746,0074055029,2022-03-15T00:00:00,1970-01-01T14:51:34,ME23N
010,EINKBELEG,0072112746,0074055181,2022-03-15T00:00:00,1970-01-01T14:55:53,ME23N
010,EINKBELEG,0072116649,0074581447,2022-04-26T00:00:00,1970-01-01T07:31:57,ME23N
010,EINKBELEG,0072116649,0074611513,2022-04-28T00:00:00,1970-01-01T06:52:54,ME23N
010,EINKBELEG,0072116649,0074611529,2022-04-28T00:00:00,1970-01-01T06:54:23,ME23N
010,EINKBELEG,0072116649,0074702821,2022-05-06T00:00:00,1970-01-01T07:16:33,ME22N
010,EINKBELEG,0072115194,0075566393,2022-07-28T00:00:00,1970-01-01T15:13:03,ME23N
010,EINKBELEG,0072115194,0075566415,2022-07-28T00:00:00,1970-01-01T15:15:40,ME23N
010,EINKBELEG,0072115194,0075594017,2022-08-01T00:00:00,1970-01-01T12:36:53,ME23N
010,EINKBELEG,0076052494,0052035783,2018-01-23T00:00:00,1970-01-01T15:17:41,ME23N
010,EINKBELEG,0076052494,0052035853,2018-01-23T00:00:00,1970-01-01T15:19:19,ME23N
010,EINKBELEG,0076052494,0052035881,2018-01-23T00:00:00,1970-01-01T15:17:09,ME23N
010,EINKBELEG,0076052494,0052035900,2018-01-23T00:00:00,1970-01-01T15:23:34,ME23N
010,EINKBELEG,0076052494,0052035901,2018-01-23T00:00:00,1970-01-01T15:23:59,ME23N
010,EINKBELEG,0076052494,0052035912,2018-01-23T00:00:00,1970-01-01T15:23:16,ME23N
010,EINKBELEG,0076052494,0052035913,2018-01-23T00:00:00,1970-01-01T15:24:24,ME23N
010,EINKBELEG,0076052494,0052035914,2018-01-23T00:00:00,1970-01-01T15:23:25,ME23N
010,EINKBELEG,0076052494,0052035934,2018-01-23T00:00:00,1970-01-01T15:24:11,ME23N
010,EINKBELEG,0076052494,0052093316,2018-01-30T00:00:00,1970-01-01T11:13:29,ME23N
010,EINKBELEG,0076052494,0052093318,2018-01-30T00:00:00,1970-01-01T11:14:14,ME23N
010,EINKBELEG,0076052494,0052093327,2018-01-30T00:00:00,1970-01-01T11:13:48,ME23N
010,EINKBELEG,0076056219,0052763218,2018-04-05T00:00:00,1970-01-01T07:30:10,ME23N
010,EINKBELEG,0076056219,0052763281,2018-04-05T00:00:00,1970-01-01T07:29:36,ME23N
010,EINKBELEG,0076056219,0052763283,2018-04-05T00:00:00,1970-01-01T07:30:45,ME23N
010,EINKBELEG,0076056219,0052763285,2018-04-05T00:00:00,1970-01-01T07:28:58,ME23N
010,EINKBELEG,0076056219,0052763286,2018-04-05T00:00:00,1970-01-01T07:29:58,ME23N
010,EINKBELEG,0076056219,0052763294,2018-04-05T00:00:00,1970-01-01T07:29:17,ME23N
010,EINKBELEG,0076056219,0052763295,2018-04-05T00:00:00,1970-01-01T07:30:27,ME23N
010,EINKBELEG,0076056219,0052782728,2018-04-06T00:00:00,1970-01-01T07:40:15,ME23N
010,EINKBELEG,4700001106,0052019070,2018-01-22T00:00:00,1970-01-01T10:10:00,ME23N
010,EINKBELEG,4700001106,0057965052,2019-04-12T00:00:00,1970-01-01T00:33:36,ME23N
010,EINKBELEG,4700001106,0057965071,2019-04-12T00:00:00,1970-01-01T00:35:16,ME23N
010,EINKBELEG,4700001106,0060760214,2019-09-09T00:00:00,1970-01-01T10:34:20,ME23N
010,EINKBELEG,4700001106,0065590053,2020-06-18T00:00:00,1970-01-01T11:21:18,ME23N
010,EINKBELEG,4700001106,0070320138,2021-05-27T00:00:00,1970-01-01T10:05:57,ME22N
010,EINKBELEG,4700001106,0051867463,2018-01-08T00:00:00,1970-01-01T15:54:10,ME23N
010,EINKBELEG,4700001106,0051873447,2018-01-09T00:00:00,1970-01-01T08:22:23,ME23N
010,EINKBELEG,4700001106,0051874715,2018-01-09T00:00:00,1970-01-01T09:24:08,ME23N
010,EINKBELEG,4700001106,0056610278,2019-01-18T00:00:00,1970-01-01T09:55:24,ME23N
010,EINKBELEG,4700001140,0052239579,2018-02-15T00:00:00,1970-01-01T09:39:06,ME22N
010,EINKBELEG,4700001140,0053973662,2018-06-19T00:00:00,1970-01-01T08:34:08,ME22N
010,EINKBELEG,4700001140,0056479594,2019-01-09T00:00:00,1970-01-01T09:51:14,ME22N
010,EINKBELEG,4700001140,0061398275,2019-10-28T00:00:00,1970-01-01T09:21:12,ME22N
010,EINKBELEG,4700001140,0061398540,2019-10-28T00:00:00,1970-01-01T09:27:28,ME22N
010,EINKBELEG,4700001140,0068656437,2021-01-25T00:00:00,1970-01-01T10:56:38,ME23N
010,EINKBELEG,4700001196,0069653836,2021-04-13T00:00:00,1970-01-01T09:10:57,ME23N
010,EINKBELEG,4700001196,0074813718,2022-05-17T00:00:00,1970-01-01T08:30:13,ME23N
010,EINKBELEG,0071167269,0077013601,2022-12-05T00:00:00,1970-01-01T20:32:04,ME23N
010,EINKBELEG,0071167269,0077063976,2022-12-08T00:00:00,1970-01-01T19:00:06,ME23N
010,EINKBELEG,0071167269,0077190451,2022-12-20T00:00:00,1970-01-01T12:12:08,ME23N
010,EINKBELEG,0076067972,0076521821,2022-10-26T00:00:00,1970-01-01T10:12:07,ME23N
010,EINKBELEG,0076067972,0076747646,2022-11-17T00:00:00,1970-01-01T08:49:05,ME23N
010,EINKBELEG,0076067972,0076870884,2022-11-28T00:00:00,1970-01-01T08:53:33,ME23N